Issue,Volume,title,authors,views,citations
519,112,Statistical Significance and the Dichotomization of Evidence,Blakeley B. McShane & David Gal,1705,0
519,112,A p-Value to Die For,Donald Berry,888,1
519,112,The Substitute for p-Values,William M. Briggs,2650,1
519,112,Some Natural Solutions to the p-Value Communication Problem—and Why They Won’t Work,Andrew Gelman & John Carlin,571,0
519,112,Statistical Significance and the Dichotomization of Evidence: The Relevance of the ASA Statement on Statistical Significance and p-Values for Statisticians,Eric B. Laber & Kerby Shedden,432,1
519,112,Rejoinder: Statistical Significance and the Dichotomization of Evidence,Blakeley B. McShane & David Gal,402,0
519,112,Optimal Seed Deployment Under Climate Change Using Spatial Models: Application to Loblolly Pine in the Southeastern US,"Alfredo Farjat, Brian J. Reich, Joseph Guinness, Ross Whetten, Steven McKeand & Fikret Isik",326,0
519,112,Mining Massive Amounts of Genomic Data: A Semiparametric Topic Modeling Approach,"Ethan X. Fang, Min-Dian Li, Michael I. Jordan & Han Liu",254,1
519,112,Mortality Rate Estimation and Standardization for Public Reporting: Medicare’s Hospital Compare,"E. I. George, V. Ročková, P. R. Rosenbaum, V. A. Satopää & J. H. Silber",715,0
519,112,"“When, Where, and How” of Efficiency Estimation: Improved Procedures for Stochastic Frontier Modeling",Mike G. Tsionas,290,0
519,112,Set-Based Tests for the Gene–Environment Interaction in Longitudinal Studies,"Zihuai He, Min Zhang, Seunggeun Lee, Jennifer A. Smith, Sharon L. R. Kardia, V. Diez Roux & Bhramar Mukherjee",274,1
519,112,A Geometric Approach to Visualization of Variability in Functional Data,"Weiyi Xie, Sebastian Kurtek, Karthik Bharath & Ying Sun",456,0
519,112,Finding Common Modules in a Time-Varying Network with Application to the Drosophila Melanogaster Gene Regulation Network,Jingfei Zhang & Jiguo Cao,243,0
519,112,MWPCR: Multiscale Weighted Principal Component Regression for High-Dimensional Prediction,"Hongtu Zhu, Dan Shen, Xuewei Peng & Leo Yufeng Liu",426,0
519,112,Constructing Predictive Microbial Signatures at Multiple Taxonomic Levels,Tao Wang & Hongyu Zhao,345,0
519,112,Sparse Simultaneous Signal Detection for Identifying Genetically Controlled Disease Genes,"Sihai Dave Zhao, T. Tony Cai, Thomas P. Cappola, Kenneth B. Margulies & Hongzhe Li",399,0
519,112,Multiscale Spatial Density Smoothing: An Application to Large-Scale Radiological Survey and Anomaly Detection,"Wesley Tansey, Alex Athey, Alex Reinhart & James G. Scott",295,0
519,112,Empirical Likelihood for Random Sets,Karun Adusumilli & Taisuke Otsu,600,0
519,112,Automatic Optimal Batch Size Selection for Recursive Estimators of Time-Average Covariance Matrix,Kin Wai Chan & Chun Yip Yau,187,0
519,112,Continuous Time Analysis of Fleeting Discrete Price Moves,Neil Shephard & Justin J. Yang,127,0
519,112,Joint Estimation of Quantile Planes Over Arbitrary Predictor Spaces,Yun Yang & Surya T. Tokdar,196,3
519,112,On Modeling and Estimation for the Relative Risk and Risk Difference,"Thomas S. Richardson, James M. Robins & Linbo Wang",474,0
519,112,Parsimonious Tensor Response Regression,Lexin Li & Xin Zhang,537,2
519,112,Estimation of Monotone Treatment Effects in Network Experiments,David Choi,493,1
519,112,Generalized Scalar-on-Image Regression Models via Total Variation,"Xiao Wang, Hongtu Zhu & for the Alzheimer’s Disease Neuroimaging Initiative",475,0
519,112,A Functional Varying-Coefficient Single-Index Model for Functional Response Data,"Jialiang Li, Chao Huang, Zhub Hongtu & for the Alzheimer’s Disease Neuroimaging Initiative",770,1
519,112,Clustering Huge Number of Financial Time Series: A Panel Data Approach With High-Dimensional Predictors and Factor Structures,Tomohiro Ando & Jushan Bai,723,1
519,112,Generalized Additive Models for Gigadata: Modeling the U.K. Black Smoke Network Daily Data,"Simon N. Wood, Zheyuan Li, Gavin Shaddick & Nicole H. Augustin",2113,3
519,112,Robust Permutation Tests For Correlation And Regression Coefficients,Cyrus J. DiCiccio & Joseph P. Romano,430,0
519,112,Estimation in the Semiparametric Accelerated Failure Time Model With Missing Covariates: Improving Efficiency Through Augmentation,Jon Arni Steingrimsson & Robert L. Strawderman,617,0
519,112,Tukey g-and-h Random Fields,Ganggang Xu & Marc G. Genton,241,2
519,112,Semiparametric Inference in a Genetic Mixture Model,"Pengfei Li, Yukun Liu & Jing Qin",619,0
519,112,Extrinsic Local Regression on Manifold-Valued Data,"Lizhen Lin, Brian St. Thomas, Hongtu Zhu & David B. Dunson",270,0
519,112,Bayesian Calibration of Inexact Computer Models,Matthew Plumlee,564,2
519,112,Estimating Population Size With Link-Tracing Sampling,Kyle Vincent & Steve Thompson,184,1
519,112,An Effective Semiparametric Estimation Approach for the Sufficient Dimension Reduction Model,Ming-Yueh Huang & Chin-Tsang Chiang,638,1
519,112,On Theoretically Optimal Ranking Functions in Bipartite Ranking,Kazuki Uematsu & Yoonkyung Lee,317,0
519,112,Joint Selection in Mixed Models using Regularized PQL,"Francis K. C. Hui, Samuel Müller & A. H. Welsh",439,2
519,112,Fixed-k Asymptotic Inference About Tail Properties,Ulrich K. Müller & Yulong Wang,162,0
519,112,A Group-Specific Recommender System,"Xuan Bi, Annie Qu, Junhui Wang & Xiaotong Shen",589,1
519,112,"Two-Level Orthogonal Screening Designs With 24, 28, 32, and 36 Runs","Eric D. Schoen, Nha Vo-Thanh & Peter Goos",146,0
519,112,Book Reviews,,71,0
518,112,Bayesian Hierarchical Multi-Population Multistate Jolly–Seber Models With Covariates: Application to the Pallid Sturgeon Population Assessment Program,Guohui Wu & Scott H. Holan,697,2
518,112,A Simultaneous Equation Approach to Estimating HIV Prevalence With Nonignorable Missing Responses,"Giampiero Marra, Rosalba Radice, Till Bärnighausen, Simon N. Wood & Mark E. McGovern",718,2
518,112,Modeling Spatial Covariance Using the Limiting Distribution of Spatio-Temporal Random Walks,Ephraim M. Hanks,489,1
518,112,Bayesian Phase I/II Biomarker-Based Dose Finding for Precision Medicine With Molecularly Targeted Agents,Beibei Guo & Ying Yuan,544,1
518,112,Landmark-Constrained Elastic Shape Analysis of Planar Curves,"Justin Strait, Sebastian Kurtek, Emily Bartha & Steven N. MacEachern",295,1
518,112,Latent Class Survival Models Linked by Principal Stratification to Investigate Heterogenous Survival Subgroups Among Individuals With Early-Stage Kidney Cancer,"Brian L. Egleston, Robert G. Uzzo & Yu-Ning Wong",410,0
518,112,Optimal Multilevel Matching in Clustered Observational Studies: A Case Study of the Effectiveness of Private Schools Under a Large-Scale Voucher System,José R. Zubizarreta & Luke Keele,387,0
518,112,A New Bayesian Test to Test for the Intractability-Countering Hypothesis,Dalia Chakrabarty,289,0
518,112,Basis Function Models for Animal Movement,Mevin B. Hooten & Devin S. Johnson,724,2
518,112,Instrumental Variable Methods for Conditional Effects and Causal Interaction in Voter Mobilization Experiments,Matthew Blackwell,787,0
518,112,Bayesian Estimation of Bipartite Matchings for Record Linkage,Mauricio Sadinle,594,1
518,112,Restoration of Monotonicity Respecting in Dynamic Regression,Yijian Huang,281,2
518,112,Independent Component Analysis via Distance Covariance,David S. Matteson & Ruey S. Tsay,951,2
518,112,Interactive Q-Learning for Quantiles,"Kristin A. Linn, Eric B. Laber & Leonard A. Stefanski",519,2
518,112,Variable Screening via Quantile Partial Correlation,"Shujie Ma, Runze Li & Chih-Ling Tsai",1029,0
518,112,A Sieve Semiparametric Maximum Likelihood Approach for Regression Analysis of Bivariate Interval-Censored Failure Time Data,"Qingning Zhou, Tao Hu & Jianguo Sun",466,2
518,112,Hierarchical Latin Hypercube Sampling,Vikram V. Garg & Roy H. Stogner,239,0
518,112,A Method of Constructing Space-Filling Orthogonal Designs,Fasheng Sun & Boxin Tang,267,0
518,112,Function-on-Function Linear Regression by Signal Compression,Ruiyan Luo & Xin Qi,642,1
518,112,Testing for Structural Breaks via Ordinal Pattern Dependence,Alexander Schnurr & Herold Dehling,319,0
518,112,Random Partition Distribution Indexed by Pairwise Information,"David B. Dahl, Ryan Day & Jerry W. Tsai",684,1
518,112,A Bayesian Multivariate Functional Dynamic Linear Model,"Daniel R. Kowal, David S. Matteson & David Ruppert",912,6
518,112,Evaluating Utility Measurement From Recurrent Marker Processes in the Presence of Competing Terminal Events,Yifei Sun & Mei-Cheng Wang,286,1
518,112,Simultaneous Inference for High-Dimensional Linear Models,Xianyang Zhang & Guang Cheng,1167,4
518,112,Change-Plane Analysis for Subgroup Detection and Sample Size Calculation,"Ailin Fan, Rui Song & Wenbin Lu",436,2
518,112,Sparse Multi-Dimensional Graphical Models: A Unified Bayesian Framework,"Yang Ni, Francesco C. Stingo & Veerabhadran Baladandayuthapani",593,1
518,112,Joint Scale-Change Models for Recurrent Events and Failure Time,"Gongjun Xu, Sy Han Chiou, Chiung-Yu Huang, Mei-Cheng Wang & Jun Yan",470,0
518,112,Fully Nonparametric Regression for Bounded Data Using Dependent Bernstein Polynomials,"Andrés F. Barrientos, Alejandro Jara & Fernando A. Quintana",421,3
518,112,Nonparametric Benefit–Risk Assessment Using Marker Process in the Presence of a Terminal Event,"Yifei Sun, Chiung-Yu Huang & Mei-Cheng Wang",245,0
518,112,Accumulation Tests for FDR Control in Ordered Hypothesis Testing,Ang Li & Rina Foygel Barber,451,1
518,112,Estimation Under Cross-Classified Sampling With Application to a Childhood Survey,"Hélène Juillard, Guillaume Chauvet & Anne Ruiz-Gazen",206,0
518,112,Variational Inference: A Review for Statisticians,"David M. Blei, Alp Kucukelbir & Jon D. McAuliffe",2157,3
518,112,Book Reviews,,200,0
518,112,Correction,"Sokbae Lee, Myung Hwan Seo & Youngki Shin",210,0
517,112,On the Reproducibility of Psychological Science,"Valen E. Johnson, Richard D. Payne, Tianying Wang, Alex Asher & Soutrik Mandal",5760,5
517,112,Robust Treatment Comparison Based on Utilities of Semi-Competing Risks in Non-Small-Cell Lung Cancer,"Thomas A. Murray, Peter F. Thall, Ying Yuan, Sarah McAvoy & Daniel R. Gomez",413,2
517,112,A Directional Mixed Effects Model for Compositional Expenditure Data,J. L. Scealy & A. H. Welsh,480,0
517,112,Bayesian Treed Calibration: An Application to Carbon Capture With AX Sorbent,"Bledar A. Konomi, Georgios Karagiannis, Kevin Lai & Guang Lin",282,1
517,112,Defining Cancer Subtypes With Distinctive Etiologic Profiles: An Application to the Epidemiology of Melanoma,"Audrey Mauguen, Emily C. Zabor, Nancy E. Thomas, Marianne Berwick, Venkatraman E. Seshan & Colin B. Begg",307,0
517,112,The Generalized Higher Criticism for Testing SNP-Set Effects in Genetic Association Studies,"Ian Barnett, Rajarshi Mukherjee & Xihong Lin",755,1
517,112,A Bayesian Race Model for Recognition Memory,"Sungmin Kim, Kevin Potter, Peter F. Craigmile, Mario Peruggia & Trisha Van Zandt",312,0
517,112,Spatiotemporal Modeling of Node Temperatures in Supercomputers,"Curtis B. Storlie, Brian J. Reich, William N. Rust, Lawrence O. Ticknor, Amanda M. Bonnie, Andrew J. Montoya & Sarah E. Michalak",261,0
517,112,"A Framework for Synthetic Control Methods With High-Dimensional, Micro-Level Data: Evaluating a Neighborhood-Specific Crime Intervention","Michael W. Robbins, Jessica Saunders & Beau Kilmer",874,0
517,112,Forecasting Generalized Quantiles of Electricity Demand: A Functional Data Approach,Brenda López Cabrera & Franziska Schulz,689,1
517,112,Fast Approximate Inference for Arbitrarily Large Semiparametric Regression Models via Message Passing,M. P. Wand,791,1
517,112,Comment,Dustin Tran & David M. Blei,233,0
517,112,Comment,Wanzhu Tu,167,0
517,112,Comment,Philip T. Reiss & Jeff Goldsmith,162,0
517,112,Comment,Simon N. Wood,180,0
517,112,Rejoinder,M. P. Wand,193,0
517,112,Residual Weighted Learning for Estimating Individualized Treatment Rules,"Xin Zhou, Nicole Mayer-Hamblett, Umer Khan & Michael R. Kosorok",626,5
517,112,Weighted Statistic in Detecting Faint and Sparse Alternatives for High-Dimensional Covariance Matrices,Qing Yang & Guangming Pan,442,0
517,112,A Multi-Resolution Approximation for Massive Spatial Datasets,Matthias Katzfuss,543,10
517,112,Dynamic Multiscale Spatiotemporal Models for Poisson Data,Thaís C. O. Fonseca & Marco A. R. Ferreira,346,1
517,112,A Dynamic Structure for High-Dimensional Covariance Matrices and Its Application in Portfolio Allocation,"Shaojun Guo, John Leigh Box & Wenyang Zhang",631,1
517,112,Nonlocal Priors for High-Dimensional Estimation,David Rossell & Donatello Telesca,472,3
517,112,Covariance Regression Analysis,"Tao Zou, Wei Lan, Hansheng Wang & Chih-Ling Tsai",1249,0
517,112,Partition MCMC for Inference on Acyclic Digraphs,Jack Kuipers & Giusi Moffa,268,2
517,112,Augmented Particle Filters,"Jonghyun Yun, Fan Yang & Yuguo Chen",427,1
517,112,Conditions for Ignoring the Missing-Data Mechanism in Likelihood Inferences for Parameter Subsets,"Roderick J. Little, Donald B. Rubin & Sahar Z. Zangeneh",500,2
517,112,Randomization Inference and Sensitivity Analysis for Composite Null Hypotheses With Binary Outcomes in Matched Observational Studies,"Colin B. Fogarty, Pixu Shi, Mark E. Mikkelsen & Dylan S. Small",175,0
517,112,Robust Jump Regressions,"Jia Li, Viktor Todorov & George Tauchen",462,2
517,112,Promoting Similarity of Sparsity Structures in Integrative Analysis With Penalization,"Yuan Huang, Qingzhao Zhang, Sanguo Zhang, Jian Huang & Shuangge Ma",386,0
517,112,Semiparametric Modeling and Estimation of the Terminal Behavior of Recurrent Marker Processes Before Failure Events,Kwun Chuen Gary Chan & Mei-Cheng Wang,231,1
517,112,Geometric Representations of Random Hypergraphs,"Simón Lunagómez, Sayan Mukherjee, Robert L. Wolpert & Edoardo M. Airoldi",382,1
517,112,Nonparametric Estimation of the Leverage Effect: A Trade-Off Between Robustness and Efficiency,Ilze Kalnina & Dacheng Xiu,340,4
517,112,A New Graph-Based Two-Sample Test for Multivariate and Object Data,Hao Chen & Jerome H. Friedman,527,1
517,112,A Concave Pairwise Fusion Approach to Subgroup Analysis,Shujie Ma & Jian Huang,547,0
517,112,Shrinkage Estimation for Multivariate Hidden Markov Models,"Mark Fiecas, Jürgen Franke, Rainer von Sachs & Joseph Tadjuidje Kamgaing",367,0
517,112,Robust Maximum Association Estimators,"Andreas Alfons, Christophe Croux & Peter Filzmoser",602,1
517,112,Cluster-Robust Bootstrap Inference in Quantile Regression Models,Andreas Hagemann,646,3
517,112,Book Reviews,,172,0
517,112,Correction,,190,0
517,112,Correction,,320,0
516,111,Appreciating Statistics,Jessica Utts,1481,0
516,111,Improving and Evaluating Topic Models and Other Models of Text,Edoardo M. Airoldi & Jonathan M. Bischof,1210,1
516,111,Comment,Matt Taddy,173,0
516,111,Comment,Aleksandrina Goeva & Eric D. Kolaczyk,127,0
516,111,Comment,David M. Blei,195,0
516,111,Rejoinder,Edoardo M. Airoldi,146,0
516,111,Model Comparison and Assessment for Single Particle Tracking in Biological Fluids,"Martin Lysy, Natesh S. Pillai, David B. Hill, M. Gregory Forest, John W. R. Mellnik, Paula A. Vasquez & Scott A. McKinley",512,4
516,111,Hierarchical Feature Selection Incorporating Known and Novel Biological Information: Identifying Genomic Features Related to Prostate Cancer Recurrence,"Yize Zhao, Matthias Chung, Brent A. Johnson, Carlos S. Moreno & Qi Long",659,1
516,111,Modeling the Evolution of Dynamic Brain Processes During an Associative Learning Experiment,Mark Fiecas & Hernando Ombao,441,3
516,111,Bayesian Methods for Nonignorable Dropout in Joint Models in Smoking Cessation Studies,"J. T. Gaskins, M. J. Daniels & B. H. Marcus",463,0
516,111,Multiple Imputation of Missing Categorical and Continuous Values via Bayesian Mixture Models With Local Dependence,Jared S. Murray & Jerome P. Reiter,622,1
516,111,Low SNR in Diffusion MRI Models,Jörg Polzehl & Karsten Tabelow,286,0
516,111,Localizing Temperature Risk,"Wolfgang Karl Härdle, Brenda López Cabrera, Ostap Okhrin & Weining Wang",354,0
516,111,Personalized Dose Finding Using Outcome Weighted Learning,"Guanhua Chen, Donglin Zeng & Michael R. Kosorok",1196,2
516,111,Comment,Tianxi Cai & Lu Tian,210,0
516,111,Comment,Jun Fan & Ming Yuan,215,0
516,111,Comment,Alexander R. Luedtke & Mark J. van der Laan,156,0
516,111,Comment,"Michael P. Wallace, Erica E. M. Moodie & David A. Stephens",124,0
516,111,Comment,Elizabeth L. Ogburn,116,0
516,111,Comment,Min Qian,140,0
516,111,Comment,Michael Rosenblum,131,0
516,111,Rejoinder,"Guanhua Chen, Donglin Zeng & Michael R. Kosorok",195,0
516,111,Smoothing Parameter and Model Selection for General Smooth Models,"Simon N. Wood, Natalya Pya & Benjamin Säfken",2977,9
516,111,Comment,Thomas Kneib,166,0
516,111,Comment,Thomas W. Yee,398,0
516,111,Comment,Sonja Greven & Fabian Scheipl,148,1
516,111,Rejoinder,"Simon N. Wood, Natalya Pya & Benjamin Säfken",176,1
516,111,Using Ranked Set Sampling With Cluster Randomized Designs for Improved Inference on Treatment Effects,"Xinlei Wang, Johan Lim & Lynne Stokes",341,3
516,111,Accelerating Asymptotically Exact MCMC for Computationally Intensive Models via Local Approximations,"Patrick R. Conrad, Youssef M. Marzouk, Natesh S. Pillai & Aaron Smith",654,5
516,111,Fast Bayesian Factor Analysis via Automatic Rotations to Sparsity,Veronika Ročková & Edward I. George,660,1
516,111,Modeling Probability Forecasts via Information Diversity,"Ville A. Satopää, Robin Pemantle & Lyle H. Ungar",401,2
516,111,Inference for Monotone Functions Under Short- and Long-Range Dependence: Confidence Intervals and New Universal Limits,"Pramita Bagchi, Moulinath Banerjee & Stilian A. Stoev",244,0
516,111,"Robust Improper Maximum Likelihood: Tuning, Computation, and a Comparison With Other Methods for Robust Gaussian Clustering",Pietro Coretto & Christian Hennig,803,4
516,111,A Bayesian Approach to Graphical Record Linkage and Deduplication,"Rebecca C. Steorts, Rob Hall & Stephen E. Fienberg",486,2
516,111,Identifiability of Normal and Normal Mixture Models with Nonignorable Missing Data,"Wang Miao, Peng Ding & Zhi Geng",635,3
516,111,Testing the Predictor Effect on a Functional Response,"Valentin Patilea, César Sánchez-Sellero & Matthieu Saumard",470,1
516,111,On SURE-Type Double Shrinkage Estimation,"Bing-Yi Jing, Zhouping Li, Guangming Pan & Wang Zhou",555,0
516,111,Extremal Depth for Functional Data and Applications,Naveen N. Narisetty & Vijayan N. Nair,400,2
516,111,Statistical Matching Analysis for Complex Survey Data With Applications,"Pier Luigi Conti, Daniela Marella & Mauro Scanu",422,2
516,111,Multitask Quantile Regression Under the Transnormal Model,"Jianqing Fan, Lingzhou Xue & Hui Zou",655,2
516,111,A Link Between the E-Value and the Robustness of Block Designs,J. D. Godolphin,169,0
516,111,Sparse Approximate Inference for Spatio-Temporal Point Process Models,"Botond Cseke, Andrew Zammit-Mangion, Tom Heskes & Guido Sanguinetti",383,0
516,111,Composite Robust Estimators for Linear Mixed Models,Claudio Agostinelli & Víctor J. Yohai,384,0
516,111,Optimal Model Averaging Estimation for Generalized Linear Models and Generalized Linear Mixed-Effects Models,"Xinyu Zhang, Dalei Yu, Guohua Zou & Hua Liang",675,3
516,111,Bayesian Nonparametric Modeling of Higher Order Markov Chains,Abhra Sarkar & David B. Dunson,415,0
516,111,Panel Data Models With Interactive Fixed Effects and Multiple Structural Breaks,"Degui Li, Junhui Qian & Liangjun Su",556,3
516,111,Sensitivity Analysis for Multiple Comparisons in Matched Observational Studies Through Quadratically Constrained Linear Programming,Colin B. Fogarty & Dylan S. Small,189,0
516,111,Matching and Weighting With Functions of Error-Prone Covariates for Causal Inference,J. R. Lockwood & Daniel F. McCaffrey,363,0
516,111,Book Reviews,,237,0
516,111,Correction,,255,0
516,111,Editorial Collaborators,,160,0
516,111,Editorial Board EOV,,86,0
515,111,Bayesian Nonparametric Estimation for Dynamic Treatment Regimes With Sequential Transition Times,"Yanxun Xu, Peter Müller, Abdus S. Wahed & Peter F. Thall",1155,5
515,111,Comment,"Qian Guan, Eric B. Laber & Brian J. Reich",166,0
515,111,Comment,"Jingxiang Chen, Yufeng Liu, Donglin Zeng, Rui Song, Yingqi Zhao & Michael R. Kosorok",148,0
515,111,Comment,Lorenzo Trippa & Giovanni Parmigiani,108,0
515,111,Rejoinder,"Yanxun Xu, Peter Müller, Abdus S. Wahed & Peter Thall",112,0
515,111,Analyzing Single-Molecule Protein Transportation Experiments via Hierarchical Hidden Markov Models,"Yang Chen, Kuang Shen, Shu-Ou Shan & S. C. Kou",453,0
515,111,Template-Based Models for Genome-Wide Analysis of Next-Generation Sequencing Data at Base-Pair Resolution,Alexander W. Blocker & Edoardo M. Airoldi,356,1
515,111,A Model of Text for Experimentation in the Social Sciences,"Margaret E. Roberts, Brandon M. Stewart & Edoardo M. Airoldi",1241,3
515,111,Estimation of Directed Acyclic Graphs Through Two-Stage Adaptive Lasso for Gene Network Inference,"Sung Won Han, Gong Chen, Myun-Seok Cheon & Hua Zhong",763,3
515,111,Detecting and Localizing Differences in Functional Time Series Dynamics: A Case Study in Molecular Biophysics,Shahin Tavakoli & Victor M. Panaretos,715,1
515,111,Probabilistic Cause-of-Death Assignment Using Verbal Autopsies,"Tyler H. McCormick, Zehang Richard Li, Clara Calvert, Amelia C. Crampin, Kathleen Kahn & Samuel J. Clark",334,3
515,111,Parameterization of White Matter Manifold-Like Structures Using Principal Surfaces,"Chen Yue, Vadim Zipunnikov, Pierre-Louis Bazin, Dzung Pham, Daniel Reich, Ciprian Crainiceanu & Brian Caffo",230,0
515,111,A Longitudinal Mixed Logit Model for Estimation of Push and Pull Effects in Residential Location Choice,"Fiona Steele, Elizabeth Washbrook, Christopher Charlton & William J. Browne",1090,0
515,111,Hierarchical Models for Semicompeting Risks Data With Application to Quality of End-of-Life Care for Pancreatic Cancer,"Kyu Ha Lee, Francesca Dominici, Deborah Schrag & Sebastien Haneuse",434,0
515,111,Model-Based Geostatistics for Prevalence Mapping in Low-Resource Settings,Peter J. Diggle & Emanuele Giorgi,685,3
515,111,Comment,Leonhard Held & Stefanie Muff,117,0
515,111,Comment,Paula Moraga,83,0
515,111,Comment: Getting into Space with a Weight Problem,"Jon Wakefield, Daniel Simpson & Jessica Godwin",223,0
515,111,Rejoinder,Peter J. Diggle & Emanuele Giorgi,120,0
515,111,Generalized Dynamic Principal Components,Daniel Peña & Victor J. Yohai,1006,1
515,111,Fast Estimation of Regression Parameters in a Broken-Stick Model for Longitudinal Data,"Ritabrata Das, Moulinath Banerjee, Bin Nan & Huiyong Zheng",443,0
515,111,Priors for Random Count Matrices Derived from a Family of Negative Binomial Processes,"Mingyuan Zhou, Oscar Hernan Madrid Padilla & James G. Scott",433,2
515,111,Constructed Second Control Groups and Attenuation of Unmeasured Biases,"Samuel D. Pimentel, Dylan S. Small & Paul R. Rosenbaum",381,1
515,111,Bayesian Nonparametric Longitudinal Data Analysis,"Fernando A. Quintana, Wesley O. Johnson, L. Elaine Waetjen & Ellen B. Gold",1311,4
515,111,Brownian Integrated Covariance Functions for Gaussian Process Modeling: Sigmoidal Versus Localized Basis Functions,Ning Zhang & Daniel W. Apley,234,3
515,111,Dynamic Covariance Models,Ziqi Chen & Chenlei Leng,942,1
515,111,Forward Variable Selection for Sparse Ultra-High Dimensional Varying Coefficient Models,"Ming-Yen Cheng, Toshio Honda & Jin-Ting Zhang",820,3
515,111,A Subsampled Double Bootstrap for Massive Data,"Srijan Sengupta, Stanislav Volgushev & Xiaofeng Shao",622,2
515,111,Coverage Inducing Priors in Nonstandard Inference Problems,Ulrich K. Müller & Andriy Norets,279,0
515,111,Classification With Unstructured Predictors and an Application to Sentiment Analysis,"Junhui Wang, Xiaotong Shen, Yiwen Sun & Annie Qu",656,0
515,111,Stabilized Nearest Neighbor Classifier and its Statistical Properties,"Will Wei Sun, Xingye Qiao & Guang Cheng",518,1
515,111,Conditional Sure Independence Screening,"Emre Barut, Jianqing Fan & Anneleen Verhasselt",840,5
515,111,Graphical Procedures for Multiple Comparisons Under General Dependence,Christopher J. Bennett & Brennan S. Thompson,377,0
515,111,Joint Inference for Competing Risks Survival Data,Gang Li & Qing Yang,548,0
515,111,Analysis of Proportional Odds Models With Censoring and Errors-in-Covariates,Samiran Sinha & Yanyuan Ma,250,0
515,111,Sufficient Reductions in Regressions With Exponential Family Inverse Predictors,"Efstathia Bura, Sabrina Duarte & Liliana Forzani",257,0
515,111,How Much Information Does Dependence Between Wavelet Coefficients Contain?,Carsten Jentsch & Claudia Kirch,302,0
515,111,Generalized Fiducial Inference: A Review and New Results,"Jan Hannig, Hari Iyer, Randy C. S. Lai & Thomas C. M. Lee",722,19
515,111,Book Reviews,,228,0
515,111,Correction to Jin-Ting Zhang’s “Approximate and Asymptotic Distributions of Chi-Squared-Type Mixtures With Applications’’,Wouter Duivesteijn,378,0
514,111,Discrete Optimization for Interpretable Study Populations and Randomization Inference in an Observational Study of Severe Sepsis Mortality,"Colin B. Fogarty, Mark E. Mikkelsen, David F. Gaieski & Dylan S. Small",571,3
514,111,A Dynamic Bayesian Model for Characterizing Cross-Neuronal Interactions During Decision-Making,"Bo Zhou, David E. Moorman, Sam Behseta, Hernando Ombao & Babak Shahbaba",514,0
514,111,Bayesian Spatial Change of Support for Count-Valued Survey Data With Application to the American Community Survey,"Jonathan R. Bradley, Christopher K. Wikle & Scott H. Holan",509,2
514,111,Detection of Infectious Disease Outbreaks From Laboratory Data With Reporting Delays,"Angela Noufaily, Paddy Farrington, Paul Garthwaite, Doyo Gragn Enki, Nick Andrews & Andre Charlett",320,1
514,111,Calibrating Functional Parameters in the Ion Channel Models of Cardiac Cells,"Matthew Plumlee, V. Roshan Joseph & Hui Yang",330,1
514,111,Identification and Estimation of Causal Mechanisms in Clustered Encouragement Designs: Disentangling Bed Nets Using Bayesian Principal Stratification,"Laura Forastiere, Fabrizia Mealli & Tyler J. VanderWeele",401,1
514,111,Using Binary Paradata to Correct for Measurement Error in Survey Data Analysis,"Damião Nóbrega Da Silva, Chris Skinner & Jae Kwang Kim",411,0
514,111,Joint Estimation of Treatment and Placebo Effects in Clinical Trials With Longitudinal Blinding Assessments,"Wei Liu, Zhiwei Zhang, R. Jason Schroeder, Martin Ho, Bo Zhang, Cynthia Long, Hui Zhang & Telba Z. Irony",448,1
514,111,Understanding the Impact of Stroke on Brain Motor Function: A Hierarchical Bayesian Approach,"Zhe Yu, Raquel Prado, Erin Burke Quinlan, Steven C. Cramer & Hernando Ombao",397,2
514,111,Modeling E-mail Networks and Inferring Leadership Using Self-Exciting Point Processes,"Eric W. Fox, Martin B. Short, Frederic P. Schoenberg, Kathryn D. Coronges & Andrea L. Bertozzi",594,0
514,111,A Multiresolution Stochastic Process Model for Predicting Basketball Possession Outcomes,"Daniel Cervone, Alex D’Amour, Luke Bornn & Kirk Goldsberry",496,0
514,111,Exact Post-Selection Inference for Sequential Regression Procedures,"Ryan J. Tibshirani, Jonathan Taylor, Richard Lockhart & Robert Tibshirani",1232,5
514,111,Comment,Lawrence D. Brown & Kory D. Johnson,203,0
514,111,Rejoinder,"Ryan J. Tibshirani, Jonathan Taylor, Richard Lockhart & Robert Tibshirani",154,0
514,111,Structured Matrix Completion with Applications to Genomic Data Integration,"Tianxi Cai, T. Tony Cai & Anru Zhang",647,0
514,111,The Controlled Thermodynamic Integral for Bayesian Model Evidence Evaluation,"Chris J. Oates, Theodore Papamarkou & Mark Girolami",401,6
514,111,Empirical Likelihood for Right Censored Lifetime Data,"Shuyuan He, Wei Liang, Junshan Shen & Grace Yang",799,1
514,111,Bayesian Conditional Tensor Factorizations for High-Dimensional Classification,Yun Yang & David B. Dunson,782,3
514,111,A General Regression Changepoint Test for Time Series Data,"Michael W. Robbins, Colin M. Gallagher & Robert B. Lund",815,0
514,111,A Class of Functional Methods for Error-Contaminated Survival Data Under Additive Hazards Models with Replicate Measurements,Ying Yan & Grace Y. Yi,396,3
514,111,Simultaneous Sparse Estimation of Canonical Vectors in the p ≫ N Setting,"Irina Gaynanova, James G. Booth & Martin T. Wells",792,2
514,111,Sparse Regression Incorporating Graphical Structure Among Predictors,Guan Yu & Yufeng Liu,1175,0
514,111,Multivariate-Sign-Based High-Dimensional Tests for the Two-Sample Location Problem,"Long Feng, Changliang Zou & Zhaojun Wang",582,4
514,111,Generalized Quasi-Likelihood Ratio Tests for Semiparametric Analysis of Covariance Models in Longitudinal Data,"Jin Tang, Yehua Li & Yongtao Guan",498,1
514,111,Approximations of the Optimal Importance Density Using Gaussian Particle Flow Importance Sampling,Pete Bunch & Simon Godsill,410,7
514,111,Robust Orthogonal Complement Principal Component Analysis,"Yiyuan She, Shijie Li & Dapeng Wu",660,1
514,111,Functional CAR Models for Large Spatially Correlated Functional Datasets,"Lin Zhang, Veerabhadran Baladandayuthapani, Hongxiao Zhu, Keith A. Baggerly, Tadeusz Majewski, Bogdan A. Czerniak & Jeffrey S. Morris",685,4
514,111,Efficient Estimation of the Cox Model with Auxiliary Subgroup Survival Information,"Chiung-Yu Huang, Jing Qin & Huei-Ting Tsai",519,2
514,111,Hierarchical Nearest-Neighbor Gaussian Process Models for Large Geostatistical Datasets,"Abhirup Datta, Sudipto Banerjee, Andrew O. Finley & Alan E. Gelfand",1205,19
514,111,Trace Pursuit: A General Framework for Model-Free Variable Selection,"Zhou Yu, Yuexiao Dong & Li-Xing Zhu",808,1
514,111,Nonparametric Variance Estimation Under Fine Stratification: An Alternative to Collapsed Strata,"F. Jay Breidt, Jean D. Opsomer & Ismael Sanchez-Borrego",288,1
514,111,Convex Banding of the Covariance Matrix,"Jacob Bien, Florentina Bunea & Luo Xiao",535,3
514,111,"Fast, Exact Bootstrap Principal Component Analysis for p > 1 Million","Aaron Fisher, Brian Caffo, Brian Schwartz & Vadim Zipunnikov",607,0
514,111,Using a Monotonic Density Ratio Model to Find the Asymptotically Optimal Combination of Multiple Diagnostic Tests,"Baojiang Chen, Pengfei Li, Jing Qin & Tao Yu",371,1
514,111,Active Clinical Trials for Personalized Medicine,"Stanislav Minsker, Ying-Qi Zhao & Guang Cheng",479,2
514,111,Spatio-Temporal Covariance and Cross-Covariance Functions of the Great Circle Distance on a Sphere,"Emilio Porcu, Moreno Bevilacqua & Marc G. Genton",494,7
514,111,I-Optimal Design of Mixture Experiments,"Peter Goos, Bradley Jones & Utami Syafitri",378,5
514,111,Book Reviews,,202,0
513,111,A Functional Approach to Deconvolve Dynamic Neuroimaging Data,"Ci-Ren Jiang, John A. D. Aston & Jane-Ling Wang",2320,2
513,111,A Bayesian Partial Identification Approach to Inferring the Prevalence of Accounting Misconduct,"P. Richard Hahn, Jared S. Murray & Ioanna Manolopoulou",687,2
513,111,Meta-Analytic Framework for Sparse K-Means to Identify Disease Subtypes in Multiple Transcriptomic Studies,"Zhiguang Huo, Ying Ding, Silvia Liu, Steffi Oesterreich & George Tseng",666,1
513,111,Collective Estimation of Multiple Bivariate Density Functions With Application to Angular-Sampling-Based Protein Loop Modeling,"Mehdi Maadooliat, Lan Zhou, Seyed Morteza Najibi, Xin Gao & Jianhua Z. Huang",379,2
513,111,Calibrating an Ice Sheet Model Using High-Dimensional Binary Spatial Data,"Won Chang, Murali Haran, Patrick Applegate & David Pollard",551,0
513,111,Perturbation Detection Through Modeling of Gene Expression on a Latent Biological Pathway Network: A Bayesian Hierarchical Approach,"Lisa M. Pham, Luis Carvalho, Scott Schaus & Eric D. Kolaczyk",468,1
513,111,A Model-Based Approach to Climate Reconstruction Using Tree-Ring Data,"Matthew R. Schofield, Richard J. Barker, Andrew Gelman, Edward R. Cook & Keith R. Briffa",672,10
513,111,Constrained Maximum Likelihood Estimation for Model Calibration Using Summary-Level Information From External Big Data Sources,"Nilanjan Chatterjee, Yi-Hau Chen, Paige Maas & Raymond J. Carroll",1745,3
513,111,Comment,Peisong Han & Jerald F. Lawless,333,1
513,111,Comment,Sebastien Haneuse & Claudia Rivera,211,0
513,111,Comment,Thomas A. Louis & Niels Keiding,208,0
513,111,Comment: A Human Genetics Perspective,"Joel A. Mefford, Noah A. Zaitlen & John S. Witte",625,0
513,111,Comment: Addressing the Need for Portability in Big Data Model Building and Calibration,Chirag J. Patel & Francesca Dominici,321,1
513,111,Rejoinder,"Nilanjan Chatterjee, Yi-Hau Chen, Paige Maas & Raymond J. Carroll",232,0
513,111,Instrumental Variables Estimation With Some Invalid Instruments and its Application to Mendelian Randomization,"Hyunseung Kang, Anru Zhang, T. Tony Cai & Dylan S. Small",942,10
513,111,Generalizing Quantile Regression for Counting Processes With Applications to Recurrent Events,"Xiaoyan Sun, Limin Peng, Yijian Huang & HuiChuan J. Lai",702,1
513,111,A Potential Tale of Two-by-Two Tables From Completely Randomized Experiments,Peng Ding & Tirthankar Dasgupta,431,6
513,111,Ultrahigh-Dimensional Multiclass Linear Discriminant Analysis by Pairwise Sure Independence Screening,"Rui Pan, Hansheng Wang & Runze Li",834,5
513,111,Constrained Estimators and Consistency of a Regression Model on a Lexis Diagram,Wenjiang Fu,341,1
513,111,Statistical Inference in Hidden Markov Models Using k-Segment Constraints,"Michalis K. Titsias, Christopher C. Holmes & Christopher Yau",1399,0
513,111,Pairwise Likelihood Inference for Nested Hidden Markov Chain Models for Multilevel Longitudinal Data,Francesco Bartolucci & Monia Lupparelli,452,2
513,111,Large-Scale Multiple Testing of Correlations,T. Tony Cai & Weidong Liu,1056,5
513,111,Personalized Prediction and Sparsity Pursuit in Latent Factor Models,"Yunzhang Zhu, Xiaotong Shen & Changqing Ye",892,2
513,111,Minimax and Adaptive Estimation of Covariance Operator for Random Variables Observed on a Lattice Graph,T. Tony Cai & Ming Yuan,330,0
513,111,Estimation and Testing of Varying Coefficients in Quantile Regression,Xingdong Feng & Liping Zhu,1029,1
513,111,Feature Augmentation via Nonparametrics and Selection (FANS) in High-Dimensional Classification,"Jianqing Fan, Yang Feng, Jiancheng Jiang & Xin Tong",1088,3
513,111,Spline-Lasso in High-Dimensional Linear Regression,"Jianhua Guo, Jianchang Hu, Bing-Yi Jing & Zhen Zhang",1644,0
513,111,Efficient Sequential Monte Carlo With Multiple Proposals and Control Variates,"Wentao Li, Rong Chen & Zhiqiang Tan",418,1
513,111,Stepwise Signal Extraction via Marginal Likelihood,"Chao Du, Chu-Lan Michael Kao & S. C. Kou",461,4
513,111,Hierarchical Testing in the High-Dimensional Setting With Correlated Variables,Jacopo Mandozzi & Peter Bühlmann,725,3
513,111,Quantile Regression in the Secondary Analysis of Case–Control Data,"Ying Wei, Xiaoyu Song, Mengling Liu, Iuliana Ionita-Laza & Joan Reibman",467,1
513,111,Variable Selection With Prior Information for Generalized Linear Models via the Prior LASSO Method,"Yuan Jiang, Yunxiao He & Heping Zhang",1143,2
513,111,An Adaptive Exchange Algorithm for Sampling From Distributions With Intractable Normalizing Constants,"Faming Liang, Ick Hoon Jin, Qifan Song & Jun S. Liu",557,6
513,111,Asymptotically Normal and Efficient Estimation of Covariate-Adjusted Gaussian Graphical Model,"Mengjie Chen, Zhao Ren, Hongyu Zhao & Harrison Zhou",631,1
513,111,Estimating Variance Components in Functional Linear Models With Applications to Genetic Heritability,Matthew Reimherr & Dan Nicolae,483,5
513,111,Extended MaxT Tests of One-Sided Hypotheses,Zeng-Hua Lu,382,2
513,111,Book Reviews,,414,0
512,110,Statistics: Making Better Decisions,David Morganstein,1034,1
512,110,Wanna Get Away? Regression Discontinuity Estimation of Exam School Effects Away From the Cutoff,Joshua D. Angrist & Miikka Rokkanen,1801,12
512,110,Comment,Michael G. Hudgens,242,0
512,110,Comment,Thomas Lemieux,163,0
512,110,Rejoinder,Joshua D. Angrist & Miikka Rokkanen,169,0
512,110,Bayesian Partition Models for Identifying Expression Quantitative Trait Loci,Bo Jiang & Jun S. Liu,620,1
512,110,Bayesian Phylogenetic Inference Using a Combinatorial Sequential Monte Carlo Method,"Liangliang Wang, Alexandre Bouchard-Côté & Arnaud Doucet",707,0
512,110,Temporal Autocorrelation-Based Beamforming With MEG Neuroimaging Data,Jian Zhang & Li Su,1210,1
512,110,Some Counterclaims Undermine Themselves in Observational Studies,Paul R. Rosenbaum,540,1
512,110,Randomized Controlled Field Trials of Predictive Policing,"G. O. Mohler, M. B. Short, Sean Malinowski, Mark Johnson, G. E. Tita, Andrea L. Bertozzi & P. J. Brantingham",2482,14
512,110,Rerandomization to Balance Tiers of Covariates,Kari Lock Morgan & Donald B. Rubin,473,3
512,110,An Adaptive Resampling Test for Detecting the Presence of Significant Predictors,Ian W. McKeague & Min Qian,1040,5
512,110,Comment,A. Chatterjee & S. N. Lahiri,200,1
512,110,Comment,Rajen D. Shah & Richard J. Samworth,545,0
512,110,Comment,Emre Barut & Huixia Judy Wang,137,0
512,110,Comment,Lawrence D. Brown & Daniel McCarthy,214,0
512,110,Comment,Alexandre Belloni & Victor Chernozhukov,167,0
512,110,Comment,Yichi Zhang & Eric B. Laber,168,1
512,110,Comment,"Sai Li, Ritwik Mitra & Cun-Hui Zhang",184,1
512,110,Comment,Hannes Leeb,178,0
512,110,Rejoinder,Ian W. McKeague & Min Qian,214,0
512,110,A Simple Formula for Mixing Estimators With Different Convergence Rates,Stephen S. M. Lee & Mehdi Soleymani,497,0
512,110,Dirichlet–Laplace Priors for Optimal Shrinkage,"Anirban Bhattacharya, Debdeep Pati, Natesh S. Pillai & David B. Dunson",1214,18
512,110,Exact Optimal Confidence Intervals for Hypergeometric Parameters,Weizhen Wang,425,4
512,110,Bayesian Compressed Regression,Rajarshi Guhaniyogi & David B. Dunson,969,6
512,110,Groupwise Dimension Reduction via Envelope Method,"Zifang Guo, Lexin Li, Wenbin Lu & Bing Li",764,4
512,110,Uniformly Semiparametric Efficient Estimation of Treatment Effects With a Continuous Treatment,Antonio F. Galvao & Liang Wang,544,1
512,110,A Cluster-Based Outlier Detection Scheme for Multivariate Data,J. Marcus Jobe & Michael Pokojovy,571,4
512,110,Plausibility Functions and Exact Frequentist Inference,Ryan Martin,383,8
512,110,Bayesian Factorizations of Big Sparse Tensors,"Jing Zhou, Anirban Bhattacharya, Amy H. Herring & David B. Dunson",791,9
512,110,Semiparametric Pseudo-Likelihoods in Generalized Linear Models With Nonignorable Missing Data,Jiwei Zhao & Jun Shao,878,12
512,110,Robust Filtering,"Laurent E. Calvet, Veronika Czellar & Elvezio Ronchetti",609,3
512,110,High-Dimensional Variable Selection With Reciprocal L1-Regularization,Qifan Song & Faming Liang,1342,1
512,110,Marginal Inferential Models: Prior-Free Probabilistic Inference on Interest Parameters,Ryan Martin & Chuanhai Liu,364,7
512,110,Testing the Number of Components in Normal Mixture Regression Models,Hiroyuki Kasahara & Katsumi Shimotsu,713,1
512,110,Latent Space Models for Dynamic Networks,Daniel K. Sewell & Yuguo Chen,1665,10
512,110,A High-Dimensional Nonparametric Multivariate Test for Mean Vector,"Lan Wang, Bo Peng & Runze Li",974,10
512,110,Smoothed and Corrected Score Approach to Censored Quantile Regression With Measurement Errors,"Yuanshan Wu, Yanyuan Ma & Guosheng Yin",516,3
512,110,Latent Surface Models for Networks Using Aggregated Relational Data,Tyler H. McCormick & Tian Zheng,426,0
512,110,Sequentially Refined Latin Hypercube Designs: Reusing Every Point,"Jin Xu, Jiajie Chen & Peter Z. G. Qian",334,3
512,110,A Permutation Approach to Testing Interactions for Binary Response by Comparing Correlations Between Classes,Noah Simon & Robert Tibshirani,541,0
512,110,On Asymptotic Distributions and Confidence Intervals for LIFT Measures in Data Mining,Wenxin Jiang & Yu Zhao,188,1
512,110,Conditional Distance Correlation,"Xueqin Wang, Wenliang Pan, Wenhao Hu, Yuan Tian & Heping Zhang",1277,5
512,110,Small Area Estimation With Uncertain Random Effects,Gauri Sankar Datta & Abhyuday Mandal,415,5
512,110,Treatment Effects With Censoring and Endogeneity,Brigham R. Frandsen,510,1
512,110,Optimal Data-Driven Regression Discontinuity Plots,"Sebastian Calonico, Matias D. Cattaneo & Rocío Titiunik",593,28
512,110,Reinforcement Learning Trees,"Ruoqing Zhu, Donglin Zeng & Michael R. Kosorok",856,9
512,110,Nonparametric and Parametric Estimators of Prevalence From Group Testing Data With Aggregated Covariates,Aurore Delaigle & Wen-Xin Zhou,317,2
512,110,Self-Normalization for Time Series: A Review of Recent Developments,Xiaofeng Shao,548,3
512,110,Book Reviews,,283,0
512,110,Editorial Collaborators,,171,0
512,110,Editorial Board EOV,,94,0
511,110,Semiparametric Bayesian Density Estimation With Disparate Data Sources: A Meta-Analysis of Global Childhood Undernutrition,"Mariel M. Finucane, Christopher J. Paciorek, Gretchen A. Stevens & Majid Ezzati",899,0
511,110,Comment,Christopher K. Wikle & Scott H. Holan,210,0
511,110,Comment,Jim Hodges,139,0
511,110,Rejoinder,"Mariel M. Finucane, Christopher J. Paciorek, Gretchen A. Stevens & Majid Ezzati",223,0
511,110,Stable Weights that Balance Covariates for Estimation With Incomplete Outcome Data,José R. Zubizarreta,730,9
511,110,An Integrated Bayesian Nonparametric Approach for Stochastic and Variability Orders in ROC Curve Estimation: An Application to Endometriosis Diagnosis,Beom Seuk Hwang & Zhen Chen,437,0
511,110,The Role of CPS Nonresponse in the Measurement of Poverty,"Charles Hokayem, Christopher Bollinger & James P. Ziliak",376,1
511,110,Clustering High-Dimensional Landmark-Based Two-Dimensional Shape Data,"Chao Huang, Martin Styner & Hongtu Zhu",544,3
511,110,Proper Use of Allele-Specific Expression Improves Statistical Power for cis-eQTL Mapping with RNA-Seq Data,"Yi-Juan Hu, Wei Sun, Jung-Ying Tzeng & Charles M. Perou",597,1
511,110,IsoDOT Detects Differential RNA-Isoform Expression/Usage With Respect to a Categorical or Continuous Covariate With High Sensitivity and Specificity,"Wei Sun, Yufeng Liu, James J. Crowley, Ting-Huei Chen, Hua Zhou, Haitao Chu, Shunping Huang, Pei-Fen Kuan, Yuan Li, Darla Miller, Ginger Shaw, Yichao Wu, Vasyl Zhabotynsky, Leonard McMillan, Fei Zou, Patrick F. Sullivan & Fernando Pardo-Manuel De Villena",230,3
511,110,Simultaneous Edit-Imputation for Continuous Microdata,"Hang J. Kim, Lawrence H. Cox, Alan F. Karr, Jerome P. Reiter & Quanli Wang",353,4
511,110,Smoothed Lexis Diagrams With Applications to Lung and Breast Cancer Trends in Taiwan,"Li-Chu Chien, Yuh-Jenn Wu, Chao A. Hsiung, Lu-Hai Wang & I-Shou Chang",259,2
511,110,Robust Estimation of Inverse Probability Weights for Marginal Structural Models,Kosuke Imai & Marc Ratkovic,958,3
511,110,Bias-Reduced Doubly Robust Estimation,Karel Vermeulen & Stijn Vansteelandt,1230,8
511,110,Testing for Nodal Dependence in Relational Data Matrices,Alexander Volfovsky & Peter D. Hoff,394,2
511,110,Testing and Modeling Dependencies Between a Network and Nodal Attributes,Bailey K. Fosdick & Peter D. Hoff,788,3
511,110,Blood Flow Velocity Field Estimation Via Spatial Regression With PDE Penalization,"Laura Azzimonti, Laura M. Sangalli, Piercesare Secchi, Maurizio Domanin & Fabio Nobile",480,9
511,110,An Objective Approach to Prior Mass Functions for Discrete Parameter Spaces,C. Villa & S. G. Walker,352,4
511,110,Whittle Likelihood Estimation of Nonlinear Autoregressive Models With Moving Average Residuals,Tianhao Wang & Yingcun Xia,361,0
511,110,S-Estimators for Functional Principal Component Analysis,Graciela Boente & Matías Salibian-Barrera,604,3
511,110,Convergence Properties of a Sequential Regression Multiple Imputation Algorithm,Jian Zhu & Trivellore E. Raghunathan,424,5
511,110,Likelihood Inferences on Semiparametric Odds Ratio Model,"Hua Yun Chen, Daniel E. Rader & Mingyao Li",499,0
511,110,The E-MS Algorithm: Model Selection With Incomplete Data,"Jiming Jiang, Thuan Nguyen & J. Sunil Rao",712,3
511,110,Regression Analysis of Additive Hazards Model With Latent Variables,"Deng Pan, Haijin He, Xinyuan Song & Liuquan Sun",751,3
511,110,Bandwidth Selection for High-Dimensional Covariance Matrix Estimation,Yumou Qiu & Song Xi Chen,760,1
511,110,Estimation of Multiple-Regime Threshold Autoregressive Models With Structural Breaks,"Chun Yip Yau, Chong Man Tang & Thomas C. M. Lee",503,1
511,110,Analysis of the Proportional Hazards Model With Sparse Longitudinal Covariates,"Hongyuan Cao, Mathew M. Churpek, Donglin Zeng & Jason P. Fine",490,0
511,110,Detection of Changes in Multivariate Time Series With Application to EEG Data,"Claudia Kirch, Birte Muhsal & Hernando Ombao",761,6
511,110,The Empirical Distribution of a Large Number of Correlated Normal Variables,David Azriel & Armin Schwartzman,464,1
511,110,Likelihood Estimation for the INAR(p) Model by Saddlepoint Approximation,"Xanthi Pedeli, Anthony C. Davison & Konstantinos Fokianos",355,1
511,110,Tracking Cross-Validated Estimates of Prediction Error as Studies Accumulate,Lo-Bin Chang & Donald Geman,270,0
511,110,An Equivalent Measure of Partial Correlation Coefficients for High-Dimensional Gaussian Graphical Models,"Faming Liang, Qifan Song & Peihua Qiu",935,5
511,110,Localized Functional Principal Component Analysis,Kehui Chen & Jing Lei,574,2
511,110,A Regression Framework for Rank Tests Based on the Probabilistic Index Model,Jan De Neve & Olivier Thas,373,2
511,110,"Model Estimation, Prediction, and Signal Extraction for Nonstationary Stock and Flow Time Series Observed at Mixed Frequencies",Tucker McElroy & Brian Monsell,251,0
511,110,Design and Analysis of the Randomized Response Technique,"Graeme Blair, Kosuke Imai & Yang-Yang Zhou",504,10
511,110,Book Reviews,,290,0
510,110,False Discovery Rate Regression: An Application to Neural Synchrony Detection in Primary Visual Cortex,"James G. Scott, Ryan C. Kelly, Matthew A. Smith, Pengcheng Zhou & Robert E. Kass",1239,1
510,110,Analysis of Longitudinal Multivariate Outcome Data From Couples Cohort Studies: Application to HPV Transmission Dynamics,"Xiangrong Kong, Mei-Cheng Wang & Ronald Gray",735,0
510,110,Survival Analysis of Loblolly Pine Trees With Spatially Correlated Random Effects,"Jie Li, Yili Hong, Ram Thapa & Harold E. Burkhart",753,3
510,110,MAD Bayes for Tumor Heterogeneity—Feature Allocation With Exponential Family Sampling,"Yanxun Xu, Peter Müller, Yuan Yuan, Kamalakar Gulukota & Yuan Ji",471,2
510,110,"Large, Sparse Optimal Matching With Refined Covariate Balance in an Observational Study of the Health Outcomes Produced by New Surgeons","Samuel D. Pimentel, Rachel R. Kelz, Jeffrey H. Silber & Paul R. Rosenbaum",1368,6
510,110,Bayesian Inference for Multivariate Meta-Regression With a Partially Observed Within-Study Sample Covariance Matrix,"Hui Yao, Sungduk Kim, Ming-Hui Chen, Joseph G. Ibrahim, Arvind K. Shah & Jianxin Lin",481,0
510,110,Unifying Amplitude and Phase Analysis: A Compositional Data Approach to Functional Multivariate Mixed-Effects Modeling of Mandarin Chinese,"P. Z. Hadjipantelis, J. A. D. Aston, H. G. Müller & J. P. Evans",1406,6
510,110,Analysis of Sequence Data Under Multivariate Trait-Dependent Sampling,"Ran Tao, Donglin Zeng, Nora Franceschini, Kari E. North, Eric Boerwinkle & Dan-Yu Lin",633,3
510,110,Joint Bayesian Modeling of Binomial and Rank Data for Primate Cognition,"Bradley J. Barney, Federica Amici, Filippo Aureli, Josep Call & Valen E. Johnson",433,0
510,110,New Statistical Learning Methods for Estimating Optimal Dynamic Treatment Regimes,"Ying-Qi Zhao, Donglin Zeng, Eric B. Laber & Michael R. Kosorok",1572,27
510,110,Foundations for Envelope Models and Methods,R. Dennis Cook & Xin Zhang,1039,10
510,110,Post-Fisherian Experimentation: From Physical to Virtual,C. F. Jeff Wu,632,2
510,110,Semiparametric Accelerated Failure Time Modeling for Clustered Failure Times From Stratified Sampling,"Sy Han Chiou, Sangwook Kang & Jun Yan",535,3
510,110,Model-Free Feature Screening for Ultrahigh Dimensional Discriminant Analysis,"Hengjian Cui, Runze Li & Wei Zhong",1206,15
510,110,Nonparametric K-Sample Tests via Dynamic Slicing,"Bo Jiang, Chao Ye & Jun S. Liu",711,2
510,110,Detection of Multiple Structural Breaks in Multivariate Time Series,"Philip Preuss, Ruprecht Puchstein & Holger Dette",914,9
510,110,Testing Hypotheses of Covariate-Adaptive Randomized Clinical Trials,"Wei Ma, Feifang Hu & Lixin Zhang",651,5
510,110,Functional and Structural Methods With Mixed Measurement Error and Misclassification in Covariates,"Grace Y. Yi, Yanyuan Ma, Donna Spiegelman & Raymond J. Carroll",558,5
510,110,Objective Bayesian Survival Analysis Using Shape Mixtures of Log-Normal Distributions,Catalina A. Vallejos & Mark F. J. Steel,531,6
510,110,Bayesian Dose-Finding in Two Treatment Cycles Based on the Joint Utility of Efficacy and Toxicity,"Juhee Lee, Peter F. Thall, Yuan Ji & Peter Müller",383,7
510,110,Efficient Quantile Regression Analysis With Missing Observations,"Xuerong Chen, Alan T. K. Wan & Yong Zhou",1290,16
510,110,Matching a Distribution by Matching Quantiles Estimation,"Nikolaos Sgouropoulos, Qiwei Yao & Claudia Yastremiz",1365,0
510,110,Generalized Fiducial Inference for Ultrahigh-Dimensional Regression,"Randy C. S. Lai, Jan Hannig & Thomas C. M. Lee",372,3
510,110,An Improved Transformation-Based Kernel Estimator of Densities on the Unit Interval,Kuangyu Wen & Ximing Wu,362,1
510,110,LADE-Based Inference for ARMA Models With Unspecified and Heavy-Tailed Heteroscedastic Noises,Ke Zhu & Shiqing Ling,350,6
510,110,Scalable Bayesian Model Averaging Through Local Information Propagation,Li Ma,542,1
510,110,Clustering from Categorical Data Sequences,Harry Crane,603,3
510,110,Index Models for Sparsely Sampled Functional Data,"Peter Radchenko, Xinghao Qiao & Gareth M. James",515,3
510,110,A Two-Sample Test for Equality of Means in High Dimension,"Karl Bruce Gregory, Raymond J. Carroll, Veerabhadran Baladandayuthapani & Soumendra N. Lahiri",1276,6
510,110,Statistical Analysis of Q-Matrix Based Diagnostic Classification Models,"Yunxiao Chen, Jingchen Liu, Gongjun Xu & Zhiliang Ying",622,14
510,110,Likelihood Ratio Test for Multi-Sample Mixture Model and Its Application to Genetic Imprinting,"Shaoting Li, Jiahua Chen, Jianhua Guo, Bing-Yi Jing, Shui-Ying Tsang & Hong Xue",591,1
510,110,Book Reviews,,357,0
509,110,Why Your Involvement Matters,Nathaniel Schenker,463,0
509,110,A Spatio-Temporal Point Process Model for Ambulance Demand,"Zhengyi Zhou, David S. Matteson, Dawn B. Woodard, Shane G. Henderson & Athanasios C. Micheas",1272,3
509,110,Risk-Adjusted Cumulative Sum Charting Procedure Based on Multiresponses,"Xu Tang, Fah F. Gan & Lingyun Zhang",531,8
509,110,Estimating a Structured Covariance Matrix From Multilab Measurements in High-Throughput Biology,"Alexander M. Franks, Gábor Csárdi, D. Allan Drummond & Edoardo M. Airoldi",764,3
509,110,A Flexible Bayesian Approach to Monotone Missing Data in Longitudinal Studies With Nonignorable Missingness With Application to an Acute Schizophrenia Clinical Trial,Antonio R. Linero & Michael J. Daniels,706,4
509,110,Power Curve Estimation With Multivariate Environmental Factors for Inland and Offshore Wind Farms,"Giwhyun Lee, Yu Ding, Marc G. Genton & Le Xie",566,10
509,110,Calibration of Computational Models With Categorical Parameters and Correlated Outputs via Bayesian Smoothing Spline ANOVA,"Curtis B. Storlie, William A. Lane, Emily M. Ryan, James R. Gattiker & David M. Higdon",477,10
509,110,What Happens Depends on When It Happens: Copula-Based Ordered Event History Analysis of Civil War Duration and Outcome,Kentaro Fukumoto,793,0
509,110,A Dynamic Directional Model for Effective Brain Connectivity Using Electrocorticographic (ECoG) Time Series,"Tingting Zhang, Jingwei Wu, Fan Li, Brian Caffo & Dana Boatman-Reich",510,2
509,110,Simulating and Analyzing Order Book Data: The Queue-Reactive Model,"Weibing Huang, Charles-Albert Lehalle & Mathieu Rosenbaum",506,14
509,110,An Analysis of an Incomplete Marked Point Pattern of Heat-Related 911 Calls,"Matthew J. Heaton, Stephan R. Sain, Andrew J. Monaghan, Olga V. Wilhelmi & Mary H. Hayden",320,3
509,110,Robust Principal Component Analysis for Power Transformed Compositional Data,"J. L. Scealy, Patrice de Caritat, Eric C. Grunsky, Michail T. Tsagris & A. H. Welsh",701,4
509,110,Multi-Agent Inference in Social Networks: A Finite Population Learning Approach,"Jianqing Fan, Xin Tong & Yao Zeng",834,2
509,110,Bayesian Inference of Multiple Gaussian Graphical Models,"Christine Peterson, Francesco C. Stingo & Marina Vannucci",1264,12
509,110,Homogeneity Pursuit,"Zheng Tracy Ke, Jianqing Fan & Yichao Wu",1366,11
509,110,A Unifying Model for Capture–Recapture and Distance Sampling Surveys of Wildlife Populations,"D. L. Borchers, B. C. Stevenson, D. Kidney, L. Thomas & T. A. Marques",1787,13
509,110,Bahadur Efficiency of Sensitivity Analyses in Observational Studies,Paul R. Rosenbaum,444,3
509,110,R-Estimation for Asymmetric Independent Component Analysis,Marc Hallin & Chintan Mehta,364,5
509,110,Model-Robust Designs for Quantile Regression,Linglong Kong & Douglas P. Wiens,501,1
509,110,Quantile Correlations and Quantile Autoregressive Modeling,"Guodong Li, Yang Li & Chih-Ling Tsai",1133,15
509,110,Tuning Parameter Selection for the Adaptive Lasso Using ERIC,"Francis K. C. Hui, David I. Warton & Scott D. Foster",1074,4
509,110,Regularization Methods for High-Dimensional Instrumental Variables Regression With an Application to Genetical Genomics,"Wei Lin, Rui Feng & Hongzhe Li",1377,6
509,110,SPReM: Sparse Projection Regression Model For High-Dimensional Linear Regression,"Qiang Sun, Hongtu Zhu, Yufeng Liu & Joseph G. Ibrahim",738,6
509,110,Inference for Subgroup Analysis With a Structured Logistic-Normal Mixture Model,Juan Shen & Xuming He,1159,14
509,110,Semiparametric Relative-Risk Regression for Infectious Disease Transmission Data,Eben Kenah,383,2
509,110,Multivariate Meta-Analysis of Heterogeneous Studies Using Only Summary Statistics: Efficiency and Robustness,"Dungang Liu, Regina Y. Liu & Minge Xie",779,18
509,110,Varying Index Coefficient Models,Shujie Ma & Peter X.-K. Song,915,6
509,110,A Unified Family of Covariate-Adjusted Response-Adaptive Designs Based on Efficiency and Ethics,"Jianhua Hu, Hongjian Zhu & Feifang Hu",350,2
509,110,Size and Shape Analysis of Error-Prone Shape Data,"Jiejun Du, Ian L. Dryden & Xianzheng Huang",908,3
509,110,On the Prediction of Stationary Functional Time Series,"Alexander Aue, Diogo Dubart Norinho & Siegfried Hörmann",769,25
509,110,Risk Classification With an Adaptive Naive Bayes Kernel Machine Model,"Jessica Minnier, Ming Yuan, Jun S. Liu & Tianxi Cai",698,6
509,110,"Bayesian Generalized Additive Models for Location, Scale, and Shape for Zero-Inflated and Overdispersed Count Data","Nadja Klein, Thomas Kneib & Stefan Lang",1040,7
509,110,Sufficient Reductions in Regressions With Elliptically Contoured Inverse Predictors,Efstathia Bura & Liliana Forzani,267,2
509,110,Decoupling Shrinkage and Selection in Bayesian Linear Models: A Posterior Summary Perspective,P. Richard Hahn & Carlos M. Carvalho,657,8
509,110,Book Reviews,,252,0
509,110,Letter To the Editor,"Stephen E. Fienberg, James S. Hodges & Liying Luo",325,2
509,110,Reply,Y. Claire Yang & Kenneth C. Land,95,0
509,110,Reply,Wenjiang J. Fu,175,0
508,109,Sparse Semiparametric Nonlinear Model With Application to Chromatographic Fingerprints,"Michael R. Wierzbicki, Li-Bing Guo, Qing-Tao Du & Wensheng Guo",1425,1
508,109,Comment,Pang Du,234,0
508,109,Comment,Huaihou Chen & Donglin Zeng,179,0
508,109,Rejoinder,"Michael R. Wierzbicki, Li-Bing Guo, Qing-Tao Du & Wensheng Guo",137,0
508,109,Biomarker Detection in Association Studies: Modeling SNPs Simultaneously via Logistic ANOVA,"Yoonsuh Jung, Jianhua Z. Huang & Jianhua Hu",867,3
508,109,Bayesian Modeling and Forecasting of 24-Hour High-Frequency Volatility,Jonathan R. Stroud & Michael S. Johannes,916,3
508,109,Combining Dynamic Predictions From Joint Models for Longitudinal and Time-to-Event Data Using Bayesian Model Averaging,"Dimitris Rizopoulos, Laura A. Hatfield, Bradley P. Carlin & Johanna J. M. Takkenberg",1174,12
508,109,Bayesian Emulation and Calibration of a Dynamic Epidemic Model for A/H1N1 Influenza,"Marian Farah, Paul Birrell, Stefano Conti & Daniela De Angelis",607,7
508,109,Joint Modeling and Clustering Paired Generalized Longitudinal Trajectories With Application to Cocaine Abuse Treatment Data,"Hui Huang, Yehua Li & Yongtao Guan",675,3
508,109,Variable-Domain Functional Regression for Modeling ICU Data,"Jonathan E. Gellar, Elizabeth Colantuoni, Dale M. Needham & Ciprian M. Crainiceanu",503,7
508,109,Quantifying Causal Effects of Road Network Capacity Expansions on Traffic Volume and Density via a Mixed Model Propensity Score Estimator,"Daniel J. Graham, Emma J. McCoy & David A. Stephens",612,1
508,109,Exact Meta-Analysis Approach for Discrete Data and its Application to 2 × 2 Tables With Rare Events,"Dungang Liu, Regina Y. Liu & Min-ge Xie",691,12
508,109,Generalized Species Sampling Priors With Latent Beta Reinforcements,"Edoardo M. Airoldi, Thiago Costa, Federico Bassetti, Fabrizio Leisen & Michele Guindani",421,6
508,109,Bayesian Multiscale Modeling of Closed Curves in Point Clouds,"Kelvin Gu, Debdeep Pati & David B. Dunson",440,0
508,109,Monte Carlo Simulation for Lasso-Type Problems by Estimator Augmentation,Qing Zhou,799,3
508,109,A Simple Method for Estimating Interactions Between a Treatment and a Large Number of Covariates,"Lu Tian, Ash A. Alizadeh, Andrew J. Gentles & Robert Tibshirani",1559,32
508,109,A Likelihood-Based Framework for Association Analysis of Allele-Specific Copy Numbers,"Y. J. Hu, D. Y. Lin, W. Sun & D. Zeng",414,0
508,109,Nonparametric Estimation of Probability Density Functions for Irregularly Observed Spatial Data,Zudi Lu & Dag Tjøstheim,679,3
508,109,Modeling Space and Space-Time Directional Data Using Projected Gaussian Processes,Fangpo Wang & Alan E. Gelfand,676,13
508,109,Fast Prediction of Deterministic Functions Using Sparse Grid Experimental Designs,Matthew Plumlee,356,4
508,109,Optimal Supersaturated Designs,Bradley Jones & Dibyen Majumdar,432,6
508,109,Inference for Misspecified Models With Fixed Regressors,"Alberto Abadie, Guido W. Imbens & Fanyin Zheng",975,1
508,109,Spherical Regression Models Using Projective Linear Transformations,"Michael Rosenthal, Wei Wu, Eric Klassen & Anuj Srivastava",492,1
508,109,Score Estimating Equations from Embedded Likelihood Functions Under Accelerated Failure Time Model,"Jing Ning, Jing Qin & Yu Shen",430,2
508,109,Proportional Hazards Model With Covariate Measurement Error and Instrumental Variables,Xiao Song & Ching-Yun Wang,555,5
508,109,Dimension-Reduced Modeling of Spatio-Temporal Processes,Jenný Brynjarsdóttir & L. Mark Berliner,657,0
508,109,"Meta-Analysis With Fixed, Unknown, Study-Specific Parameters","Brian Claggett, Minge Xie & Lu Tian",434,6
508,109,Generalized Ordinary Differential Equation Models,"Hongyu Miao, Hulin Wu & Hongqi Xue",529,2
508,109,Structural Pursuit Over Multiple Undirected Graphs,"Yunzhang Zhu, Xiaotong Shen & Wei Pan",534,6
508,109,Treatment Evaluation With Multiple Outcome Periods Under Endogeneity and Attrition,Markus Frölich & Martin Huber,420,1
508,109,Book Reviews,,899,0
508,109,Correction,,358,0
508,109,Editorial Collaborators,,235,0
508,109,Editorial Board EOV,,408,0
507,109,A Bayesian Nonparametric Modeling Framework for Developmental Toxicity Studies,Kassandra Fronczyk & Athanasios Kottas,1132,3
507,109,Comment,Peter Müller & Fernando Quintana,252,0
507,109,Comment,David B. Dunson,232,0
507,109,Rejoinder,Kassandra Fronczyk & Athanasios Kottas,156,0
507,109,Mechanistic Hierarchical Gaussian Processes,"Matthew W. Wheeler, David B. Dunson, Sudha P. Pandalai, Brent A. Baker & Amy H. Herring",675,0
507,109,Identifying Genetic Variants for Addiction via Propensity Score Adjusted Generalized Kendall’s Tau,"Yuan Jiang, Ni Li & Heping Zhang",568,1
507,109,Optimizing Sedative Dose in Preterm Infants Undergoing Treatment for Respiratory Distress Syndrome,"Peter F. Thall, Hoang Q. Nguyen, Sarah Zohar & Pierre Maton",309,5
507,109,Estimating Ocean Circulation: An MCMC Approach With Approximated Likelihoods via the Bernoulli Factory,Radu Herbei & L. Mark Berliner,458,3
507,109,"Multivariate Analysis of Longitudinal Ordinal Data With Mixed Effects Models, With Application to Clinical Outcomes in Osteoarthritis","Celine Marielle Laffont, Marc Vandemeulebroecke & Didier Concordet",702,4
507,109,Causal Inference for fMRI Time Series Data With Systematic Errors of Measurement in a Balanced On/Off Study of Social Evaluative Threat,Michael E. Sobel & Martin A. Lindquist,437,1
507,109,Bayesian Generalized Low Rank Regression Models for Neuroimaging Phenotypes and Genetic Markers,"Hongtu Zhu, Zakaria Khondker, Zhaohua Lu & Joseph G. Ibrahim",651,20
507,109,Estimation and Accuracy After Model Selection,Bradley Efron,6128,39
507,109,Comment,"Lan Wang, Ben Sherwood & Runze Li",491,0
507,109,Comment,Dimitris N. Politis,421,0
507,109,Comment,Shuva Gupta & S. N. Lahiri,421,0
507,109,Comment,Andrew Gelman & Aki Vehtari,490,1
507,109,Comment,Nils Lid Hjort,478,1
507,109,Rejoinder,Bradley Efron,543,1
507,109,Bayesian Aggregation of Order-Based Rank Data,"Ke Deng, Simeng Han, Kate J. Li & Jun S. Liu",641,4
507,109,Inference From Intrinsic Bayes’ Procedures Under Model Selection and Uncertainty,"Andrew J. Womack, Luis León-Novelo & George Casella",501,1
507,109,Adaptive Confidence Bands for Nonparametric Regression Functions,"T. Tony Cai, Mark Low & Zongming Ma",813,1
507,109,Efficient R-Estimation of Principal and Common Principal Components,"Marc Hallin, Davy Paindaveine & Thomas Verdebout",410,7
507,109,Spatially Varying Coefficient Model for Neuroimaging Data With Jump Discontinuities,"Hongtu Zhu, Jianqing Fan & Linglong Kong",735,13
507,109,Testing Second-Order Dynamics for Autoregressive Processes in Presence of Time-Varying Variance,Valentin Patilea & Hamdi Raïssi,307,2
507,109,Filtering With Heavy Tails,Andrew Harvey & Alessandra Luati,675,19
507,109,Generalized Gaussian Process Regression Model for Non-Gaussian Functional Data,Bo Wang & Jian Qing Shi,723,8
507,109,Space-Filling Fractional Factorial Designs,Yong-Dao Zhou & Hongquan Xu,503,11
507,109,Weighted M-statistics With Superior Design Sensitivity in Matched Observational Studies With Multiple Controls,Paul R. Rosenbaum,263,2
507,109,Multiply Robust Estimation in Regression Analysis With Missing Data,Peisong Han,1165,9
507,109,Targeted Local Support Vector Machine for Age-Dependent Classification,"Tianle Chen, Yuanjia Wang, Huaihou Chen, Karen Marder & Donglin Zeng",404,1
507,109,On an Additive Semigraphoid Model for Statistical Networks With Application to Pathway Analysis,"Bing Li, Hyonho Chun & Hongyu Zhao",546,4
507,109,Functional Principal Component Analysis of Spatiotemporal Point Processes With Applications in Disease Surveillance,Yehua Li & Yongtao Guan,811,5
507,109,"Optimal Tests of Treatment Effects for the Overall Population and Two Subpopulations in Randomized Trials, Using Sparse Linear Programming","Michael Rosenblum, Han Liu & En-Hsu Yen",819,9
507,109,Sequential Lasso Cum EBIC for Feature Selection With Ultra-High Dimensional Feature Space,Shan Luo & Zehua Chen,554,5
507,109,Segmented Model Selection in Quantile Regression Using the Minimum Description Length Principle,"Alexander Aue, Rex C. Y. Cheung, Thomas C. M. Lee & Ming Zhong",448,5
507,109,The Sparse MLE for Ultrahigh-Dimensional Feature Screening,Chen Xu & Jiahua Chen,994,4
507,109,Nonparametric Independence Screening in Sparse Ultra-High-Dimensional Varying Coefficient Models,"Jianqing Fan, Yunbei Ma & Wei Dai",930,29
507,109,Interaction Screening for Ultrahigh-Dimensional Data,Ning Hao & Hao Helen Zhang,1304,11
507,109,Martingale Difference Correlation and Its Use in High-Dimensional Variable Screening,Xiaofeng Shao & Jingsi Zhang,896,12
507,109,Some Comments on Copula-Based Regression,"Holger Dette, Ria Van Hecke & Stanislav Volgushev",504,3
507,109,Book Reviews,,9700,1
506,109,Flexible Marginal Structural Models for Estimating the Cumulative Effect of a Time-Dependent Treatment on the Hazard: Reassessing the Cardiovascular Risks of Didanosine Treatment in the Swiss HIV Cohort Study,"Yongling Xiao, Michal Abrahamowicz, Erica E. M. Moodie, Rainer Weber & James Young",1177,15
506,109,To Fuel or Not to Fuel? Is that the Question?,"Eduardo S. Ayra, David Ríos Insua & Javier Cano",655,3
506,109,A Bayesian Nonparametric Regression Model With Normalized Weights: A Study of Hippocampal Atrophy in Alzheimer’s Disease,"Isadora Antoniano-Villalobos, Sara Wade & Stephen G. Walker",788,0
506,109,Automated Tsunami Source Modeling Using the Sweeping Window Positive Elastic Net,"Daniel M. Percival, Donald B. Percival, Donald W. Denbo, Edison Gica, Paul Y. Huang, Harold O. Mofjeld & Michael C. Spillane",342,1
506,109,Bayesian Forecasting of Cohort Fertility,"Carl Schmertmann, Emilio Zagheni, Joshua R. Goldstein & Mikko Myrskylä",1085,8
506,109,Estimating Risk With Time-to-Event Data: An Application to the Women’s Health Initiative,"Dandan Liu, Yingye Zheng, Ross L. Prentice & Li Hsu",568,3
506,109,Using Data Augmentation to Facilitate Conduct of Phase I–II Clinical Trials With Delayed Outcomes,"Ick Hoon Jin, Suyu Liu, Peter F. Thall & Ying Yuan",403,10
506,109,A Bivariate Model for Simultaneous Testing in Bioinformatics Data,"Haim Y. Bar, James G. Booth & Martin T. Wells",634,1
506,109,Object-Oriented Data Analysis of Cell Images,"Xiaosun Lu, J. S. Marron & Perry Haaland",403,1
506,109,Source-Sink Reconstruction Through Regularized Multicomponent Regression Analysis—With Application to Assessing Whether North Sea Cod Larvae Contributed to Local Fjord Cod in Skagerrak,"Kun Chen, Kung-Sik Chan & Nils Chr. Stenseth",259,2
506,109,Variable Selection in Nonparametric Classification Via Measurement Error Model Selection Likelihoods,"L. A. Stefanski, Yichao Wu & Kyle White",1157,5
506,109,Group LASSO for Structural Break Time Series,"Ngai Hang Chan, Chun Yip Yau & Rong-Mao Zhang",1696,7
506,109,Testing Independence Among a Large Number of High-Dimensional Random Vectors,"Guangming Pan, Jiti Gao & Yanrong Yang",832,2
506,109,Adaptive Multivariate Global Testing,"Giorgos Minas, John A.D. Aston & Nigel Stallard",1415,0
506,109,Adaptive Global Testing for Functional Linear Models,Jing Lei,681,3
506,109,Local Empirical Likelihood Inference for Varying-Coefficient Density-Ratio Models Based on Case-Control Data,"Xu Liu, Hongmei Jiang & Yong Zhou",636,2
506,109,Enriched Stick-Breaking Processes for Functional Data,Bruno Scarpa & David B. Dunson,491,2
506,109,A Smooth Simultaneous Confidence Corridor for the Mean of Sparse Functional Data,"Shuzhuan Zheng, Lijian Yang & Wolfgang K. Härdle",498,6
506,109,"Convex Optimization, Shape Constraints, Compound Decisions, and Empirical Bayes Rules",Roger Koenker & Ivan Mizera,787,13
506,109,A Generic Path Algorithm for Regularized Statistical Estimation,Hua Zhou & Yichao Wu,607,8
506,109,Sparse Additive Ordinary Differential Equations for Dynamic Gene Regulatory Network Modeling,"Hulin Wu, Tao Lu, Hongqi Xue & Hua Liang",733,12
506,109,Parametrically Assisted Nonparametric Estimation of a Density in the Deconvolution Problem,Aurore Delaigle & Peter Hall,435,0
506,109,Estimation for General Birth-Death Processes,"Forrest W. Crawford, Vladimir N. Minin & Marc A. Suchard",873,6
506,109,Nonparametric Regression for Spherical Data,"Marco Di Marzio, Agnese Panzera & Charles C. Taylor",622,7
506,109,Spectral Density Ratio Models for Multivariate Extremes,Miguel de Carvalho & Anthony C. Davison,478,11
506,109,Self-Excited Threshold Poisson Autoregression,"Chao Wang, Heng Liu, Jian-Feng Yao, Richard A. Davis & Wai Keung Li",510,13
506,109,Selection of Mixed Copula Model via Penalized Likelihood,Zongwu Cai & Xian Wang,771,2
506,109,A Class of Hazard Rate Mixtures for Combining Survival Data From Different Experiments,Antonio Lijoi & Bernardo Nipoti,409,5
506,109,Fused Estimators of the Central Subspace in Sufficient Dimension Reduction,R. Dennis Cook & Xin Zhang,596,14
506,109,EMVS: The EM Approach to Bayesian Variable Selection,Veronika Ročková & Edward I. George,2101,18
506,109,Simulated Stochastic Approximation Annealing for Global Optimization With a Square-Root Cooling Schedule,"Faming Liang, Yichen Cheng & Guang Lin",568,7
506,109,Book Reviews,,352,0
506,109,"“Ensemble Subsampling for Imbalanced Multivariate Two-Sample Tests,”","L. Chen, W. W. Dou & Z. Qiao",418,0
505,109,Bayesian Models for Multiple Outcomes in Domains With Application to the Seychelles Child Development Study,"Luo Xiao, Sally W. Thurston, David Ruppert, Tanzy M. T. Love & Philip W. Davidson",1058,2
505,109,A New Estimation Approach for Combining Epidemiological Data From Multiple Sources,"Hui Huang, Xiaomei Ma, Rasmus Waagepetersen, Theodore R. Holford, Rong Wang, Harvey Risch, Lloyd Mueller & Yongtao Guan",1338,3
505,109,Estimating the Lifetime Risk of Dementia in the Canadian Elderly Population Using Cross-Sectional Cohort Survival Data,"Marco Carone, Masoud Asgharian & Nicholas P. Jewell",683,4
505,109,Statistical Modeling Methodology for the Voting Rights Act Section 203 Language Assistance Determinations,"Patrick M. Joyce, Donald Malec, Roderick J. A. Little, Aaron Gilary, Alfredo Navarro & Mark E. Asiala",391,2
505,109,A Locally Convoluted Cluster Model for Nucleosome Positioning Signals in Chemical Maps,"Liqun Xi, Kristin Brogaard, Qingyang Zhang, Bruce Lindsay, Jonathan Widom & Ji-Ping Wang",481,3
505,109,A Methodology for Robust Multiproxy Paleoclimate Reconstructions and Modeling of Temperature Conditional Quantiles,Lucas Janson & Bala Rajaratnam,401,0
505,109,Some Statistical Strategies for DAE-seq Data Analysis: Variable Selection and Modeling Dependencies Among Observations,"Naim Rashid, Wei Sun & Joseph G. Ibrahim",438,2
505,109,Uncertainty in Propensity Score Estimation: Bayesian Methods for Variable Selection and Model-Averaged Causal Effects,Corwin Matthew Zigler & Francesca Dominici,1054,12
505,109,Modeling Bivariate Longitudinal Hormone Profiles by Hierarchical State Space Models,"Ziyue Liu, Anne R. Cappola, Leslie J. Crofford & Wensheng Guo",507,1
505,109,Detection of Unusual Increases in MRI Lesion Counts in Individual Multiple Sclerosis Patients,"Yinshan Zhao, David K. B. Li, A. John Petkau, Andrew Riddehough & Anthony Traboulsee",393,3
505,109,Clustered Treatment Assignments and Sensitivity to Unmeasured Biases in Observational Studies,"Ben B. Hansen, Paul R. Rosenbaum & Dylan S. Small",495,3
505,109,A Generalized Least-Square Matrix Decomposition,"Genevera I. Allen, Logan Grosenick & Jonathan Taylor",1357,28
505,109,Bootstrap Testing of the Rank of a Matrix via Least-Squared Constrained Estimation,François Portier & Bernard Delyon,455,2
505,109,Parametric Estimation of Ordinary Differential Equations With Orthogonality Conditions,"Nicolas J-B. Brunel, Quentin Clairon & Florence d’Alché-Buc",553,5
505,109,Joint Estimation of the Mean and Error Distribution in Generalized Linear Models,Alan Huang,1244,3
505,109,The Estimation of Leverage Effect With High-Frequency Data,Christina D. Wang & Per A. Mykland,701,12
505,109,Model Selection via Bayesian Information Criterion for Quantile Regression Models,"Eun Ryung Lee, Hohsuk Noh & Byeong U. Park",1703,21
505,109,Quantile Association Regression Models,"Ruosha Li, Yu Cheng & Jason P. Fine",1166,3
505,109,Predictor Selection for Positive Autoregressive Processes,Ching-Kang Ing & Chiao-Yi Yang,359,2
505,109,A Model-Averaging Approach for High-Dimensional Regression,Tomohiro Ando & Ker-Chau Li,1552,13
505,109,Feature Selection for Varying Coefficient Models With Ultrahigh-Dimensional Covariates,"Jingyuan Liu, Runze Li & Rongling Wu",864,34
505,109,Scale-Invariant Sparse PCA on High-Dimensional Meta-Elliptical Data,Fang Han & Han Liu,1086,5
505,109,Large Sample Randomization Inference of Causal Effects in the Presence of Interference,Lan Liu & Michael G. Hudgens,676,13
505,109,Accurate Directional Inference for Vector Parameters in Linear Exponential Families,"A. C. Davison, D. A. S. Fraser, N. Reid & N. Sartori",268,3
505,109,Expectation Propagation for Likelihood-Free Inference,Simon Barthelmé & Nicolas Chopin,867,14
505,109,A Nonparametric Approach for Multiple Change Point Analysis of Multivariate Data,David S. Matteson & Nicholas A. James,1660,43
505,109,Probit Transformation for Kernel Density Estimation on the Unit Interval,Gery Geenens,478,7
505,109,Gradient-Based Kernel Dimension Reduction for Regression,Kenji Fukumizu & Chenlei Leng,760,13
505,109,Efficient Estimation of Semiparametric Transformation Models for Two-Phase Cohort Studies,Donglin Zeng & D. Y. Lin,510,12
505,109,Landmark Estimation of Survival and Treatment Effect in a Randomized Clinical Trial,"Layla Parast, Lu Tian & Tianxi Cai",657,6
505,109,"Kernels, Degrees of Freedom, and Power Properties of Quadratic Distance Goodness-of-Fit Tests","Bruce G. Lindsay, Marianthi Markatou & Surajit Ray",1422,0
505,109,Multivariate Functional Halfspace Depth,"Gerda Claeskens, Mia Hubert, Leen Slaets & Kaveh Vakili",561,29
505,109,Principal Flows,"Victor M. Panaretos, Tung Pham & Zhigang Yao",763,4
505,109,Bayes Variable Selection in Semiparametric Linear Models,Suprateek Kundu & David B. Dunson,717,7
505,109,Book Reviews,,368,0
504,108,The International Year of Statistics: A Celebration and A Call to Action,Marie Davidian,667,3
504,108,Statistical Learning With Time Series Dependence: An Application to Scoring Sleep in Mice,"Blakeley B. McShane, Shane T. Jensen, Allan I. Pack & Abraham J. Wyner",1017,5
504,108,Comment,Kerby Shedden,173,1
504,108,Comment,Donglin Zeng & Yuanjia Wang,144,1
504,108,Rejoinder,"Blakeley B. McShane, Shane T. Jensen, Allan I. Pack & Abraham J. Wyner",147,1
504,108,Optimal Allocation of Gold Standard Testing Under Constrained Availability: Application to Assessment of HIV Treatment Failure,"Tao Liu, Joseph W. Hogan, Lisa Wang, Shangxuan Zhang & Rami Kantor",434,7
504,108,Semiparametric Bayesian Estimation for Marginal Parametric Potential Outcome Modeling: Application to Causal Inference,Takahiro Hoshino,802,2
504,108,Frailty Models for Familial Risk With Application to Breast Cancer,"Malka Gorfine*, Li Hsu* & Giovanni Parmigiani",534,6
504,108,A Marginal Approach to Reduced-Rank Penalized Spline Smoothing With Application to Multilevel Functional Data,"Huaihou Chen, Yuanjia Wang, Myunghee Cho Paik & H. Alex Choi",419,6
504,108,Bayesian Hierarchical Modeling of the HIV Evolutionary Response to Therapy,"Shane T. Jensen, Jared Park, Alexander F. Braunstein & Jon Mcauliffe",395,1
504,108,Generalized Jackknife Estimators of Weighted Average Derivatives,"Matias D. Cattaneo, Richard K. Crump & Michael Jansson",650,6
504,108,Comment,Donglin Zeng,154,0
504,108,Comment,Holger Dette,137,0
504,108,Comment,Enno Mammen,141,0
504,108,Comment,Xiaohong Chen,167,0
504,108,Rejoinder,"Matias D. Cattaneo, Richard K. Crump & Michael Jansson",140,0
504,108,Classification Using Censored Functional Data,Aurore Delaigle & Peter Hall,746,5
504,108,Selecting the Number of Principal Components in Functional Data,"Yehua Li, Naisyin Wang & Raymond J. Carroll",1155,11
504,108,Sampling for Conditional Inference on Network Data,Jingfei Zhang & Yuguo Chen,1201,3
504,108,Ensemble Subsampling for Imbalanced Multivariate Two-Sample Tests,"Lisha Chen, Winston Wei Dou & Zhihua Qiao",385,4
504,108,Bayesian Modeling of Temporal Dependence in Large Sparse Contingency Tables,Tsuyoshi Kunihama & David B. Dunson,458,1
504,108,Bayesian Inference for Logistic Models Using Pólya–Gamma Latent Variables,"Nicholas G. Polson, James G. Scott & Jesse Windle",1989,52
504,108,Two-Stage Importance Sampling With Mixture Proposals,"Wentao Li, Zhiqiang Tan & Rong Chen",363,2
504,108,Epistatic Clustering: A Model-Based Approach for Identifying Links Between Clusters,Jian Zhang,542,1
504,108,Multiple Testing in a Two-Stage Adaptive Design With Combination Tests Controlling FDR,"Sanat K. Sarkar, Jingjing Chen & Wenge Guo",381,4
504,108,Multivariate Density Estimation by Bayesian Sequential Partitioning,"Luo Lu, Hui Jiang & Wing H. Wong",1520,7
504,108,On Optimal Designs for Nonlinear Models: A General and Efficient Algorithm,"Min Yang, Stefanie Biedermann & Elina Tang",520,15
504,108,Local Linear Regression on Manifolds and Its Geometric Interpretation,Ming-yen Cheng & Hau-tieng Wu,790,14
504,108,Generalized Residuals for General Models for Contingency Tables With Application to Item Response Theory,Shelby J. Haberman & Sandip Sinharay,394,7
504,108,Locally Adaptive Bayes Nonparametric Regression via Nested Gaussian Processes,Bin Zhu & David B. Dunson,551,2
504,108,Case Definition and Design Sensitivity,"Dylan S. Small, Jing Cheng, M. Elizabeth Halloran & Paul R. Rosenbaum",331,4
504,108,Hidden Markov Models With Applications in Cell Adhesion Experiments,"Ying Hung, Yijie Wang, Veronika Zarnitsyna, Cheng Zhu & C. F. Jeff Wu",396,1
504,108,Discovering Findings That Replicate From a Primary Study of High Dimension to a Follow-Up Study,Marina Bogomolov & Ruth Heller,344,6
504,108,Adaptive Testing of Conditional Association Through Recursive Mixture Modeling,Li Ma,548,2
504,108,A Progressive Block Empirical Likelihood Method for Time Series,"Young Min Kim, Soumendra N. Lahiri & Daniel J. Nordman",400,3
504,108,Cure Rate Quantile Regression for Censored Data With a Survival Fraction,Yuanshan Wu & Guosheng Yin,669,4
504,108,Resampling Procedures for Making Inference Under Nested Case–Control Studies,Tianxi Cai & Yingye Zheng,580,7
504,108,Book Reviews,,298,0
504,108,Editorial Collaborators,,203,0
504,108,Editorial Board EOV,,183,0
503,108,Multinomial Inverse Regression for Text Analysis,Matt Taddy,5641,24
503,108,Comment,Justin Grimmer,672,0
503,108,Comment,David M. Blei,553,0
503,108,Rejoinder: Efficiency and Structure in MNIR,Matt Taddy,679,0
503,108,A Nonparametric Bayesian Model for Local Clustering With Application to Proteomics,"Juhee Lee, Peter Müller, Yitan Zhu & Yuan Ji",770,4
503,108,Sensitivity Analysis of Per-Protocol Time-to-Event Treatment Efficacy in Randomized Clinical Trials,"Peter B. Gilbert, Bryan E. Shepherd & Michael G. Hudgens",393,3
503,108,Integrated Modeling of European Migration,"James Raymer, Arkadiusz Wiśniowski, Jonathan J. Forster, Peter W. F. Smith & Jakub Bijak",866,20
503,108,A Nonparametric Spatial Model for Periodontal Data With Nonrandom Missingness,"Brian J. Reich, Dipankar Bandyopadhyay & Howard D. Bondell",453,3
503,108,Estimation and Inference Concerning Ordered Means in Analysis of Covariance Models With Interactions,Jason L. Morrissette & Michael P. Mcdermott,414,1
503,108,Markov-Modulated Nonhomogeneous Poisson Processes for Modeling Detections in Surveys of Marine Mammal Abundance,"Roland Langrock, David L. Borchers & Hans J. Skaug",458,8
503,108,Second-Order Exchangeability Analysis for Multimodel Ensembles,"Jonathan Rougier, Michael Goldstein & Leanna House",424,11
503,108,Spatial Shrinkage Estimation of Diffusion Tensors on Diffusion-Weighted Imaging Data,Tao Yu & Pengfei Li,431,2
503,108,An Integrative Bayesian Modeling Approach to Imaging Genetics,"Francesco C. Stingo, Michele Guindani, Marina Vannucci & Vince D. Calhoun",658,9
503,108,A Phase I Bayesian Adaptive Design to Simultaneously Optimize Dose and Schedule Assignments Both Between and Within Patients,Jin Zhang & Thomas M. Braun,361,5
503,108,A Latent Source Model to Detect Multiple Spatial Clusters With Application in a Mobile Sensor Network for Surveillance of Nuclear Materials,"Jerry Q. Cheng, Minge Xie, Rong Chen & Fred Roberts",371,2
503,108,Maximum Lq-Likelihood Estimation via the Expectation-Maximization Algorithm: A Robust Estimation of Mixture Models,Yichen Qin & Carey E. Priebe,735,2
503,108,Nonparametric Mixture of Regression Models,"Mian Huang, Runze Li & Shaoli Wang",992,12
503,108,"Validation of Visual Statistical Inference, Applied to Linear Models","Mahbubul Majumder, Heike Hofmann & Dianne Cook",2911,12
503,108,Latent Supervised Learning,Susan Wei & Michael R. Kosorok,1080,2
503,108,Nonparametric Estimation of Conditional Distributions and Rank-Tracking Probabilities With Time-Varying Transformation Models in Longitudinal Studies,Colin O. Wu & Xin Tian,329,8
503,108,Time-Varying Additive Models for Longitudinal Data,"Xiaoke Zhang, Byeong U. Park & Jane-ling Wang",1156,11
503,108,Partial Factor Modeling: Predictor-Dependent Shrinkage for Linear Regression,"P. Richard Hahn, Carlos M. Carvalho & Sayan Mukherjee",778,3
503,108,Parameter Estimation of Partial Differential Equation Models,"Xiaolei Xun, Jiguo Cao, Bani Mallick, Arnab Maity & Raymond J. Carroll",1086,22
503,108,Wavelet-Variance-Based Estimation for Composite Stochastic Processes,"Stéphane Guerrier, Jan Skaloud, Yannick Stebler & Maria-Pia Victoria-Feser",1371,21
503,108,Efficiency for Regularization Parameter Selection in Penalized Likelihood Estimation of Misspecified Models,"Cheryl J. Flynn, Clifford M. Hurvich & Jeffrey S. Simonoff",812,7
503,108,Asymptotic Equivalence of Regularization Methods in Thresholded Parameter Space,Yingying Fan & Jinchi Lv,325,3
503,108,Estimation of Extreme Conditional Quantiles Through Power Transformation,Huixia Judy Wang & Deyuan Li,647,6
503,108,Estimation of Censored Quantile Regression for Panel Data With Fixed Effects,"Antonio F. Galvao, Carlos Lamarche & Luiz Renato Lima",848,13
503,108,Semiparametric Efficient and Robust Estimation of an Unknown Symmetric Population Under Arbitrary Sample Selection Bias,"Yanyuan Ma, Mijeong Kim & Marc G. Genton",322,3
503,108,From Depth to Local Depth: A Focus on Centrality,Davy Paindaveine & Germain Van bever,409,11
503,108,Using Secondary Outcomes to Sharpen Inference in Randomized Experiments With Noncompliance,Fabrizia Mealli & Barbara Pacini,594,13
503,108,Book Reviews,,282,0
503,108,Correction,Ryan Martin & Chuanhai Liu,429,5
502,108,In Praise of Simplicity not Mathematistry! Ten Simple Powerful Ideas for the Statistical Scientist,Roderick J. Little,11648,7
502,108,Partially Ordered Mixed Hidden Markov Model for the Disablement Process of Older Adults,"Edward Ip, Qiang Zhang, Jack Rejeski, Tammy Harris & Stephen Kritchevsky",609,13
502,108,A Generalized Fellegi–Sunter Framework for Multiple Record Linkage With Application to Homicide Record Systems,Mauricio Sadinle & Stephen E. Fienberg,592,18
502,108,Tracking Multiple Targets Using Binary Decisions From Wireless Sensor Networks,"Natallia Katenka, Elizaveta Levina & George Michailidis",402,0
502,108,Spline-Based Emulators for Radiative Shock Experiments With Measurement Error,"Avishek Chakraborty, Bani K. Mallick, Ryan G. Mcclarren, Carolyn C. Kuranz, Derek Bingham, Michael J. Grosskopf, Erica M. Rutter, Hayes F. Stripling & R. Paul Drake",756,7
502,108,A Bayesian Reliability Analysis of Neutron-Induced Errors in High Performance Computing Hardware,"Curtis B. Storlie, Sarah E. Michalak, Heather M. Quinn, Andrew J. Dubois, Steven A. Wender & David H. Dubois",280,3
502,108,Treatment Evaluation With Selective Participation and Ineligibles,"Monica Costa Dias, Hidehiko Ichimura & Gerard J. van den Berg",540,1
502,108,Straight to the Source: Detecting Aggregate Objects in Astronomical Images With Proper Error Control,David A. Friedenberg & Christopher R. Genovese,226,3
502,108,Mediation and Spillover Effects in Group-Randomized Trials: A Case Study of the 4Rs Educational Intervention,"Tyler J. Vanderweele, Guanglei Hong, Stephanie M. Jones & Joshua L. Brown",605,11
502,108,A Hierarchical Bayesian Approach for Aerosol Retrieval Using MISR Data,"Yueqing Wang, Xin Jiang, Bin Yu & Ming Jiang",425,2
502,108,Bayesian Hierarchical Poisson Regression Models: An Application to a Driving Study With Kinematic Events,"Sungduk Kim, Zhen Chen, Zhiwei Zhang, Bruce G. Simons-Morton & Paul S. Albert",656,11
502,108,Partially Identified Treatment Effects Under Imperfect Compliance: The Case of Domestic Violence,Zahra Siddique,576,6
502,108,A Study of Mexican Free-Tailed Bat Chirp Syllables: Bayesian Functional Mixed Models for Nonstationary Acoustic Time Series,"Josue G. Martinez, Kirsten M. Bohn, Raymond J. Carroll & Jeffrey S. Morris",238,7
502,108,Effectively Selecting a Target Population for a Future Comparative Study,"Lihui Zhao, Lu Tian, Tianxi Cai, Brian Claggett & L. J. Wei",959,37
502,108,Tensor Regression with Applications in Neuroimaging Data Analysis,"Hua Zhou, Lexin Li & Hongtu Zhu",1870,43
502,108,Auxiliary Marker-Assisted Classification in the Absence of Class Identifiers,"Yuanjia Wang, Huaihou Chen, Donglin Zeng, Christine Mauro, Naihua Duan & M. Katherine Shear",359,3
502,108,Unified Analysis of Secondary Traits in Case–Control Association Studies,"Arpita Ghosh, Fred A. Wright & Fei Zou",349,4
502,108,Clustering High-Dimensional Time Series Based on Parallelism,Ting Zhang,798,1
502,108,Bayesian Subset Modeling for High-Dimensional Generalized Linear Models,"Faming Liang, Qifan Song & Kai Yu",1345,8
502,108,Empirical Bayes Confidence Intervals for Selected Parameters in High-Dimensional Data,J. T. Gene Hwang & Zhigen Zhao,1057,3
502,108,Oracally Efficient Two-Step Estimation of Generalized Additive Model,"Rong Liu, Lijian Yang & Wolfgang K. Härdle",608,7
502,108,Robust Variable Selection With Exponential Squared Loss,"Xueqin Wang, Yunlu Jiang, Mian Huang & Heping Zhang",1350,29
502,108,Efficient Robust Regression via Two-Stage Generalized Empirical Likelihood,Howard D. Bondell & Leonard A. Stefanski,1048,6
502,108,Bayesian Gaussian Copula Factor Models for Mixed Data,"Jared S. Murray, David B. Dunson, Lawrence Carin & Joseph E. Lucas",1164,25
502,108,Nonparametric Identification of Copula Structures,Bo Li & Marc G. Genton,689,6
502,108,Copula-Based Regression Estimation and Inference,"Hohsuk Noh, Anouar El Ghouch & Taoufik Bouezmarni",1256,17
502,108,Simulated Method of Moments Estimation for Copula-Based Multivariate Models,Dong Hwan Oh & Andrew J. Patton,754,11
502,108,Linear Transformation Model With Parametric Covariate Transformations,Chunpeng Fan & Jason P. Fine,574,0
502,108,Simultaneous Grouping Pursuit and Feature Selection Over an Undirected Graph,"Yunzhang Zhu, Xiaotong Shen & Wei Pan",712,10
502,108,Heteroscedasticity and Autocorrelation Robust Structural Change Detection,Zhou Zhou,753,10
502,108,The Poisson Compound Decision Problem Revisited,"Lawrence D. Brown, Eitan Greenshtein & Ya’acov Ritov",901,5
502,108,Book Reviews,,482,0
501,108,Building the Big Tent for Statistics,Robert N. Rodriguez,2097,13
501,108,Modeling and Forecasting Daily Electricity Load Curves: A Hybrid Approach,"Haeran Cho, Yannig Goude, Xavier Brossat & Qiwei Yao",2382,19
501,108,Circuit Theory and Model-Based Inference for Landscape Connectivity,Ephraim M. Hanks & Mevin B. Hooten,1082,14
501,108,A Bayesian Procedure for File Linking to Analyze End-of-Life Medical Costs,"Roee Gutman, Christopher C. Afendulis & Alan M. Zaslavsky",700,9
501,108,A Nested Dirichlet Process Analysis of Cluster Randomized Trial Data With Application in Geriatric Care Assessment,"Man-Wai Ho, Wanzhu Tu, Pulak Ghosh & Ram C. Tiwari",584,2
501,108,A Bayesian Graphical Model for ChIP-Seq Data on Histone Modifications,"Riten Mitra, Peter Müller, Shoudan Liang, Lu Yue & Yuan Ji",808,10
501,108,Imputation in High-Dimensional Economic Data as Applied to the Agricultural Resource Management Survey,"Michael W. Robbins, Sujit K. Ghosh & Joshua D. Habiger",1028,3
501,108,Reconstructing Past Populations With Uncertainty From Fragmentary Data,"Mark C. Wheldon, Adrian E. Raftery, Samuel J. Clark & Patrick Gerland",1431,13
501,108,Sea Surface Temperature Modeling using Radial Basis Function Networks With a Dynamically Weighted Particle Filter,"Duchwan Ryu, Faming Liang & Bani K. Mallick",511,4
501,108,Dynamic Bayesian Forecasting of Presidential Elections in the States,Drew A. Linzer,1772,28
501,108,Effect Modification and Design Sensitivity in Observational Studies,"Jesse Y. Hsu, Dylan S. Small & Paul R. Rosenbaum",717,7
501,108,Estimating Latent Processes on a Network From Indirect Measurements,Edoardo M. Airoldi & Alexander W. Blocker,597,6
501,108,Selection Adjusted Confidence Intervals With More Power to Determine the Sign,"Asaf Weinstein, William Fithian & Yoav Benjamini",750,3
501,108,Nonparametric Identification and Semiparametric Estimation of Classical Measurement Error Models Without Side Information,S. M. Schennach & Yingyao Hu,840,14
501,108,Classification via Bayesian Nonparametric Learning of Affine Subspaces,"Garritt Page, Abhishek Bhattacharya & David Dunson",680,2
501,108,Extending the State-Space Model to Accommodate Missing Values in Responses and Covariates,"Arlene Naranjo, A. Alexandre Trindade & George Casella",530,2
501,108,A Unified Approach to Semiparametric Transformation Models Under General Biased Sampling Schemes,"Jane Paik Kim, Wenbin Lu, Tony Sit & Zhiliang Ying",606,13
501,108,On a Principal Varying Coefficient Model,"Qian Jiang, Hansheng Wang, Yingcun Xia & Guohua Jiang",1039,2
501,108,On Partial Sufficient Dimension Reduction With Applications to Partially Linear Multi-Index Models,"Zhenghui Feng, Xuerong Meggie Wen, Zhou Yu & Lixing Zhu",649,8
501,108,High-Dimensional Sparse Additive Hazards Regression,Wei Lin & Jinchi Lv,869,15
501,108,Two-Sample Covariance Matrix Testing and Support Recovery in High-Dimensional and Sparse Settings,"Tony Cai, Weidong Liu & Yin Xia",1262,29
501,108,Distribution-Free Prediction Sets,"Jing Lei, James Robins & Larry Wasserman",1361,13
501,108,Learning Sparse Causal Gaussian Networks With Experimental Intervention: Regularization and Coordinate Descent,Fei Fu & Qing Zhou,685,14
501,108,Inferential Models: A Framework for Prior-Free Posterior Probabilistic Inference,Ryan Martin & Chuanhai Liu,786,34
501,108,Misspecification Testing in a Class of Conditional Distributional Models,Christoph Rothe & Dominik Wied,632,10
501,108,A Resampling-Based Stochastic Approximation Method for Analysis of Large Geostatistical Data,"Faming Liang, Yichen Cheng, Qifan Song, Jincheol Park & Ping Yang",824,10
501,108,On Sampling Strategies in Bayesian Variable Selection Problems With Large Model Spaces,G. García-donato & M. A. Martínez-beneito,1093,8
501,108,Book Reviews,,436,0
500,107,A Bayesian Model of NMR Spectra for the Deconvolution and Quantification of Metabolites in Complex Biological Mixtures,"William Astle, Maria De Iorio, Sylvia Richardson, David Stephens & Timothy Ebbels",1510,17
500,107,A Nonparametric Regression Model With Tree-Structured Response,"Yuan Wang, J. S. Marron, Burcu Aydin, Alim Ladha, Elizabeth Bullitt & Haonan Wang",774,6
500,107,Direct Simultaneous Inference in Additive Models and Its Application to Model Undernutrition,"Manuel Wiesenfarth, Tatyana Krivobokova, Stephan Klasen & Stefan Sperlich",527,8
500,107,Functional Causal Mediation Analysis With an Application to Brain Connectivity,Martin A. Lindquist,906,10
500,107,Measurement Error Case Series Models With Application to Infection-Cardiovascular Risk in Older Patients on Dialysis,"Sandra M. Mohammed, Damla Şentürk, Lorien S. Dalrymple & Danh V. Nguyen",347,6
500,107,Nonparametric Estimation for Censored Mixture Data With Application to the Cooperative Huntington’s Observational Research Trial,"Yuanjia Wang, Tanya P. Garcia & Yanyuan Ma",337,7
500,107,A Stochastic Model for Calibrating the Survival Benefit of Screen-Detected Cancers,"Hsiu-Hsi Chen, Amy Ming-Fang Yen & Laszlo Tabár",324,3
500,107,Using Mixed Integer Programming for Matching in an Observational Study of Kidney Failure After Surgery,José R. Zubizarreta,543,27
500,107,Modeling Protein Expression and Protein Signaling Pathways,"Donatello Telesca, Peter Müller, Steven M. Kornblau, Marc A. Suchard & Yuan Ji",372,3
500,107,Estimating Identification Disclosure Risk Using Mixed Membership Models,Daniel Manrique-Vallier & Jerome P. Reiter,391,5
500,107,Minkowski–Weyl Priors for Models With Parameter Constraints: An Analysis of the BioCycle Study,"Michelle R. Danaher, Anindya Roy, Zhen Chen, Sunni L. Mumford & Enrique F. Schisterman",302,2
500,107,Tracking Epidemics With Google Flu Trends Data and a State-Space SEIR Model,"Vanja Dukic, Hedibert F. Lopes & Nicholas G. Polson",1119,35
500,107,Modeling Criminal Careers as Departures From a Unimodal Population Age–Crime Curve: The Case of Marijuana Use,"Donatello Telesca, Elena A. Erosheva, Derek A. Kreager & Ross L. Matsueda",1181,4
500,107,Testing for Gene–Environment and Gene–Gene Interactions Under Monotonicity Constraints,"Summer S. Han, Philip S. Rosenberg & Nilanjan Chatterjee",427,3
500,107,Estimation of High Conditional Quantiles for Heavy-Tailed Distributions,"Huixia Judy Wang, Deyuan Li & Xuming He",1090,24
500,107,SURE Estimates for a Heteroscedastic Hierarchical Model,"Xianchao Xie, S. C. Kou & Lawrence D. Brown",554,8
500,107,Positive-Definite ℓ1-Penalized Estimation of Large Covariance Matrices,"Lingzhou Xue, Shiqian Ma & Hui Zou",1114,39
500,107,Landmark Prediction of Long-Term Survival Incorporating Short-Term Event Time Information,"Layla Parast, Su-Chun Cheng & Tianxi Cai",566,12
500,107,Interactions in the Analysis of Variance,P. L. Davies,663,1
500,107,Correct Ordering in the Zipf–Poisson Ensemble,Justin S. Dyer & Art B. Owen,544,0
500,107,Spike-and-Slab Priors for Function Selection in Structured Additive Regression Models,"Fabian Scheipl, Ludwig Fahrmeir & Thomas Kneib",784,34
500,107,Sparse Reduced-Rank Regression for Simultaneous Dimension Reduction and Variable Selection,Lisha Chen & Jianhua Z. Huang,1413,49
500,107,Higher-Order Infinitesimal Robustness,"Davide La Vecchia, Elvezio Ronchetti & Fabio Trojani",584,3
500,107,A Multiresolution Method for Parameter Estimation of Diffusion Processes,"S. C. Kou, Benjamin P. Olding, Martin Lysy & Jun S. Liu",483,1
500,107,AdaptSPEC: Adaptive Spectral Estimation for Nonstationary Time Series,"Ori Rosen, Sally Wood & David S. Stoffer",406,6
500,107,Optimal Detection of Changepoints With a Linear Computational Cost,"R. Killick, P. Fearnhead & I. A. Eckley",2234,133
500,107,Modeling Repeated Functional Observations,Kehui Chen & Hans-Georg Müller,604,10
500,107,Consistent High-Dimensional Bayesian Variable Selection via Penalized Credible Regions,Howard D. Bondell & Brian J. Reich,727,10
500,107,A Semiparametric Change-Point Regression Model for Longitudinal Observations,Haipeng Xing & Zhiliang Ying,722,1
500,107,Instrumental Variable Estimators for Binary Outcomes,Paul S. Clarke & Frank Windmeijer,2264,28
500,107,Book Reviews,,293,0
500,107,Erratum,,300,0
500,107,Editorial Collaborators,,201,0
500,107,Editorial Board EOV,,1030,0
